id,first_name,last_name,country,profession,last_modif,action
0,g-mub,cik-xynubafaqimem,wabiqovi,mawavokyziqiw,1655614437066002,insert
0,fuwodasin-k,faquziv,hiz,loq-titag,1655614437081850,update
0,fuwodasin-k,faquziv,hiz,loq-titag,1655614437112457,read
3,fokygafykyto,kyn-giv-cav-f-lucede,dixupicezefuv,fybysufy,1655614437127809,insert
0,xuganupip-,vut-,v-facyt,d-kera,1655614437143333,update
0,jovabyt-fiqu,re,dofomeg-tad-k-hahege,vudytiqup,1655614437159106,update
0,mezecoqanakaj,bojuz-dud,bucenyxotiwawukezar,fo,1655614437174800,update
7,dah-boz,qutiwuxiv-ke,jaf-divoculyc-hi,rosociv-fucexuf-roxi,1655614437189933,insert
0,jugytyvytopara,kudav-zyg,rylinovaxigukafusewy,zakogex-ducosoxorefy,1655614437205348,update
0,n-laq,kozyqy,janas-syfihafodadop,kekivonujepuwunumy,1655614437220688,update
10,fid-r-c-wade,fiq-s-bab-,wehyhujakivemocepati,har-cozypeveza,1655614437236868,insert
11,bijapicyvy,jinyzypizeturono,jeniqexyku,cajon-vapuzajyr,1655614437252717,insert
0,jovabyt-fiqu,re,dofomeg-tad-k-hahege,vudytiqup,1655614437283322,read
13,vogitysatecow-,buqid-m-h,vimo,neciminifapyxowewem,1655614437298652,insert
0,jovabyt-fiqu,re,dofomeg-tad-k-hahege,vudytiqup,1655614437329352,read
15,dice,hasanyxuzypuve,byfynijupicoq,luroxafajelivyjanef,1655614437344809,insert
16,vedegyn,py,tekevukyxok,jut-dabar-saxazity,1655614437360341,insert
0,cifik-k-qesisyxasyru,riqulizef,latobyzon-fedox,lerovixyh-x,1655614437375709,update
0,jugytyvytopara,kudav-zyg,rylinovaxigukafusewy,zakogex-ducosoxorefy,1655614437406627,delete
16,vedegyn,py,tekevukyxok,jut-dabar-saxazity,1655614437437346,read
20,lagirimureliciwi,newirec-kux-f-tydin,lofa,jis-tahitizofu,1655614437453122,insert
7,vy,t-hol-dilequlikok-j,hubavynuru,feber,1655614437469249,update
22,dec-m-n-jik-mytama,xyduheweb-muja,vunelex,zejyfycyv,1655614437484647,insert
3,fokygafykyto,kyn-giv-cav-f-lucede,dixupicezefuv,fybysufy,1655614437515420,delete
7,dah-boz,qutiwuxiv-ke,jaf-divoculyc-hi,rosociv-fucexuf-roxi,1655614437546302,delete
0,mirihuhabeb-dyty,p-cimetahudyc,roba,r-tefurudyz-no,1655614437561668,insert
0,mirihuhabeb-dyty,p-cimetahudyc,roba,r-tefurudyz-no,1655614437592592,delete
0,n-laq,kozyqy,janas-syfihafodadop,kekivonujepuwunumy,1655614437623356,read
0,jugytyvytopara,kudav-zyg,rylinovaxigukafusewy,zakogex-ducosoxorefy,1655614437655148,delete
0,jugytyvytopara,kudav-zyg,rylinovaxigukafusewy,zakogex-ducosoxorefy,1655614437685978,read
7,hez-nenep-vedenyqoda,rafitizicovufuxinu,tyqyxucyso,lybumaxyxyd-,1655614437701902,insert
7,rinypumot-v-me,wyzeciqypalikocec,qegak-,ca,1655614437717265,update
3,dejerecubudynoce,cykuhutisyfohimazaf,bi,xajugikijyx,1655614437732684,insert
3,dejerecubudynoce,cykuhutisyfohimazaf,bi,xajugikijyx,1655614437764002,delete
34,pe,puralebyg-natir,sex-nicerykijifon,d-susezumeqib,1655614437779223,insert
35,kazib-v,takaqerozyr-fut-pe,t-g-hu,tah-kilojykikyj-m,1655614437795263,insert
0,jugytyvytopara,kudav-zyg,rylinovaxigukafusewy,zakogex-ducosoxorefy,1655614437825818,read
0,n-laq,kozyqy,janas-syfihafodadop,kekivonujepuwunumy,1655614437857074,read
3,tipomumelifo,runylesy,ciselykafe,nides,1655614437873199,insert
3,dejerecubudynoce,cykuhutisyfohimazaf,bi,xajugikijyx,1655614437904620,read
0,quwiquf-ha,wil,ducuxis-tupobyh-j,tol,1655614437920122,insert
0,r-cavi,nol-r-xataqokivarypo,xoqi,r-kabyweg-kac,1655614437935367,update
0,ravyq-vy,qo,xa,n-licaq-zitunekut-,1655614437951021,update
0,bydaqyxevox,powin-,cob-kymihygezahy,v-fyqyx-gafeze,1655614437966485,update
3,fokygafykyto,kyn-giv-cav-f-lucede,dixupicezefuv,fybysufy,1655614437997620,delete
45,huzowahybymumimuj,fy,to,jykuzerecoloxi,1655614438013193,insert
7,dah-boz,qutiwuxiv-ke,jaf-divoculyc-hi,rosociv-fucexuf-roxi,1655614438043650,delete
47,rygulodaqovoxojafy,vat-n-pakyjomytapuko,bin,wahomoryb-cepy,1655614438058962,insert
45,huzowahybymumimuj,fy,to,jykuzerecoloxi,1655614438090870,delete
49,qagozowo,gatuhymyrizicylypibe,hugumikegidypiqepih-,wuxafohusec,1655614438106902,insert
35,kazib-v,takaqerozyr-fut-pe,t-g-hu,tah-kilojykikyj-m,1655614438137596,delete
45,cu,kaga,qylugyvav-jyfexynun,zinul-,1655614438152920,insert
52,xur-dykuvimecevis-c,sicosigydar,fa,gagup-zaj,1655614438169015,insert
0,zigap-nygypecu,pyh,saritiwexeg-jyryco,nosat-qoxa,1655614438184569,update
0,n-laq,kozyqy,janas-syfihafodadop,kekivonujepuwunumy,1655614438215882,read
34,pe,puralebyg-natir,sex-nicerykijifon,d-susezumeqib,1655614438246996,delete
16,vedegyn,py,tekevukyxok,jut-dabar-saxazity,1655614438277633,delete
0,bydaqyxevox,powin-,cob-kymihygezahy,v-fyqyx-gafeze,1655614438309433,delete
58,sonejuk-,nac,zufu,qudagesyn-xu,1655614438325472,insert
10,lolyxuk,weqijoxis-furunebo,gas-d,zilejur-,1655614438340841,update
0,n-laq,kozyqy,janas-syfihafodadop,kekivonujepuwunumy,1655614438371875,read
3,dejerecubudynoce,cykuhutisyfohimazaf,bi,xajugikijyx,1655614438402601,read
35,kazib-v,takaqerozyr-fut-pe,t-g-hu,tah-kilojykikyj-m,1655614438433495,read
45,w-hulyvymeve,b-mod-badirujat,sysu,qapes-xesyqeheveky,1655614438449273,update
64,cimy,h-qaxop-raw-n-c,fikak,nesagaryw-laguw,1655614438464708,insert
0,jugytyvytopara,kudav-zyg,rylinovaxigukafusewy,zakogex-ducosoxorefy,1655614438495258,read
13,vogitysatecow-,buqid-m-h,vimo,neciminifapyxowewem,1655614438526061,read
0,setigovymaqe,botuvurocovuramum,m-jojov-,vegepadocisurym,1655614438541442,insert
45,mexyrun-b-siqivykew,nyjawyzak-ja,teqyr,nuwanev-b-mu,1655614438556715,update
13,vogitysatecow-,buqid-m-h,vimo,neciminifapyxowewem,1655614438588086,read
70,wykunil-vydejax-hulu,vyrelyvepicojyfiza,rabanymez-b,qy,1655614438603912,insert
35,veramofuki,gel,zu,xytijosyne,1655614438619311,insert
13,vogitysatecow-,buqid-m-h,vimo,neciminifapyxowewem,1655614438650582,read
0,mirihuhabeb-dyty,p-cimetahudyc,roba,r-tefurudyz-no,1655614438681905,read
45,huzowahybymumimuj,fy,to,jykuzerecoloxi,1655614438713396,read
7,dah-boz,qutiwuxiv-ke,jaf-divoculyc-hi,rosociv-fucexuf-roxi,1655614438744456,delete
3,wysuzatug,kuqonog,gedicymecehunigagopa,re,1655614438760332,insert
45,huzowahybymumimuj,fy,to,jykuzerecoloxi,1655614438790729,delete
78,lokoqyzetah-jado,qohowok-,mesuti,sec-f-wy,1655614438806258,insert
79,vah,sasud,c-huramugavomahywud,coq,1655614438821575,insert
0,n-laq,kozyqy,janas-syfihafodadop,kekivonujepuwunumy,1655614438852531,read
81,xesyjahezeqafyroquk,hy,hycyxeweqynipyz,perakodyryt,1655614438867771,insert
82,myfuwajubosiv-muf,wawyracilyh-kuwav,mif-jo,rikabetubicekylo,1655614438882923,insert
45,w-hulyvymeve,b-mod-badirujat,sysu,qapes-xesyqeheveky,1655614438913836,delete
84,rogunylewa,xawuziq-cehe,majyrid-zoq-j,minufuv,1655614438929151,insert
3,dejerecubudynoce,cykuhutisyfohimazaf,bi,xajugikijyx,1655614438959652,read
35,manykenah,nopebebev,kejus,bed-t-g,1655614438975503,update
87,gumujafolonehyhyriro,pipymakyviv-ryb-m,tiw,kiqyxej,1655614438990830,insert
88,nozocuq-jahor-,hup,wem-,hafuxupafaled,1655614439006772,insert
89,f-nerivyp,vymicapugaz,goqir-r-gylazy,finabik-liwyrofawi,1655614439022071,insert
35,manykenah,nopebebev,kejus,bed-t-g,1655614439052682,read
0,vususen,noc-ziq,nyhirozul-nis,kuh-rajahanu,1655614439067886,update
92,vawywi,camyfejukug-bos-k,muxolygezomihe,vulesiliqumy,1655614439083270,insert
47,rygulodaqovoxojafy,vat-n-pakyjomytapuko,bin,wahomoryb-cepy,1655614439114352,delete
94,q-l-zik,sywimoroxyg-,gezisove,duhar-d-xewudaraveh,1655614439129974,insert
45,w-hulyvymeve,b-mod-badirujat,sysu,qapes-xesyqeheveky,1655614439160890,read
45,huzowahybymumimuj,fy,to,jykuzerecoloxi,1655614439191665,read
0,mirihuhabeb-dyty,p-cimetahudyc,roba,r-tefurudyz-no,1655614439223244,read
98,kysenedef-has-w-ni,melogovawaxehac-v,rekefolehij-pe,japeganoxup-vum-kaq,1655614439239362,insert
16,vedegyn,py,tekevukyxok,jut-dabar-saxazity,1655614439270249,read
34,pe,puralebyg-natir,sex-nicerykijifon,d-susezumeqib,1655614439301894,delete
3,fokygafykyto,kyn-giv-cav-f-lucede,dixupicezefuv,fybysufy,1655614439333918,delete
0,mirihuhabeb-dyty,p-cimetahudyc,roba,r-tefurudyz-no,1655614439365195,read
79,vah,sasud,c-huramugavomahywud,coq,1655614439395848,delete
0,quwiquf-ha,wil,ducuxis-tupobyh-j,tol,1655614439426550,read
81,xesyjahezeqafyroquk,hy,hycyxeweqynipyz,perakodyryt,1655614439457302,read
0,setigovymaqe,botuvurocovuramum,m-jojov-,vegepadocisurym,1655614439488203,read
3,g-surixe,h-lyna,zemyjyp-pihed-g,vawah,1655614439503386,insert
3,datax-zily,vep-jolexewamyg,qifaneqataworyqi,syqoh-qyp-qixohafi,1655614439518891,update
45,w-hulyvymeve,b-mod-badirujat,sysu,qapes-xesyqeheveky,1655614439549681,delete
0,mirihuhabeb-dyty,p-cimetahudyc,roba,r-tefurudyz-no,1655614439581010,delete
111,x-bopim-mysoxet-,diricy,serymyt-rilom-c,suponyx,1655614439596280,insert
0,jugytyvytopara,kudav-zyg,rylinovaxigukafusewy,zakogex-ducosoxorefy,1655614439627836,read
0,mirihuhabeb-dyty,p-cimetahudyc,roba,r-tefurudyz-no,1655614439658794,delete
0,d-ciwuximarevubil-bu,wucegiridozudivyqix,fotarupap,zem-qolocuq-de,1655614439674255,insert
115,hogokenos,kotatysatefobajor,s-zofysamuqyli,pumerupup,1655614439689516,insert
116,kojedotefijo,rumokonohodunuzeca,luwywik-zuhar-vuk-,hihozymacicod-sovas,1655614439705016,insert
3,zavuhy,zydysak-c-kary,w-,zotevolikeguveki,1655614439720308,update
3,tiwysuwaradivaroze,bolatyz-xixisyv-kax-,muduredijin,fe,1655614439735624,update
16,cam-gaq,sulokowiw-l,conugifigekyrodiq,nimucuhi,1655614439751679,insert
0,n-laq,kozyqy,janas-syfihafodadop,kekivonujepuwunumy,1655614439782465,delete
70,wykunil-vydejax-hulu,vyrelyvepicojyfiza,rabanymez-b,qy,1655614439813882,delete
122,wef,go,doqiragygiwet-,tocepalaqyral,1655614439828672,insert
123,sicoqeviceqorus-qug,mopepyzim-,fu,fohefe,1655614439843947,insert
124,sopajedetecykytub,zoze,zekev-f,sefaroq,1655614439859974,insert
0,quwiquf-ha,wil,ducuxis-tupobyh-j,tol,1655614439890415,delete
3,myqenuleb-h,xydun-s-lyc-nar,k-ciwul-fys-tabejo,woxet,1655614439905750,update
35,manykenah,nopebebev,kejus,bed-t-g,1655614439936397,delete
88,nozocuq-jahor-,hup,wem-,hafuxupafaled,1655614439967528,delete
7,dah-boz,qutiwuxiv-ke,jaf-divoculyc-hi,rosociv-fucexuf-roxi,1655614439998691,delete
35,kazib-v,takaqerozyr-fut-pe,t-g-hu,tah-kilojykikyj-m,1655614440029455,read
131,gukipymuf-secotu,wutymar-,patexijelygicihutyla,mugor-pime,1655614440045374,insert
132,r-gov-faxyxoticiq-,joj-mehidapofa,qyqeqol,raq-xe,1655614440061221,insert
0,jugytyvytopara,kudav-zyg,rylinovaxigukafusewy,zakogex-ducosoxorefy,1655614440092213,delete
3,wysuzatug,kuqonog,gedicymecehunigagopa,re,1655614440123409,delete
78,fojalymiwad-zosas,libutivipycogihol-,xumatakive,qoxygotecinom,1655614440138868,update
136,tesuriridulud,xupynonug-qo,veroq-p-pirijuq-heka,zyliz,1655614440153982,insert
137,q-q-qosik-tax,gehytudedib-s-,fukylilom,qowomyf,1655614440169907,insert
0,mirihuhabeb-dyty,p-cimetahudyc,roba,r-tefurudyz-no,1655614440201048,read
45,zadybemymu,fizekisepaq,zeqyn,liw-v,1655614440217076,insert
13,vogitysatecow-,buqid-m-h,vimo,neciminifapyxowewem,1655614440247863,read
0,g-mub,cik-xynubafaqimem,wabiqovi,mawavokyziqiw,1655614440279106,delete
58,sonejuk-,nac,zufu,qudagesyn-xu,1655614440309815,delete
0,mykasufufodinoxi,dab-bajanimyl-,les,nytyku,1655614440325099,insert
0,jugytyvytopara,kudav-zyg,rylinovaxigukafusewy,zakogex-ducosoxorefy,1655614440355884,delete
145,dimevegumemyvan-,xag-jysehad-zilari,saniwed-,vanutahyvexabad-,1655614440371061,insert
88,nozocuq-jahor-,hup,wem-,hafuxupafaled,1655614440401714,delete
45,w-hulyvymeve,b-mod-badirujat,sysu,qapes-xesyqeheveky,1655614440432720,read
10,lolyxuk,weqijoxis-furunebo,gas-d,zilejur-,1655614440464366,delete
35,manykenah,nopebebev,kejus,bed-t-g,1655614440495206,read
45,w-hulyvymeve,b-mod-badirujat,sysu,qapes-xesyqeheveky,1655614440526491,read
151,k-rizyhupojuqetaqi,x-kihyjaza,mybalaxucab-satuku,bem,1655614440542120,insert
122,wef,go,doqiragygiwet-,tocepalaqyral,1655614440573196,read
153,herokohuvuhi,hoc-jypuq-by,mugeje,vowocebacuwinev,1655614440589142,insert
0,dacihow-qa,v-m,jifawogud-gopaj,citipyduwulutejecexe,1655614440604649,insert
136,tesuriridulud,xupynonug-qo,veroq-p-pirijuq-heka,zyliz,1655614440635189,delete
0,fuwodasin-k,faquziv,hiz,loq-titag,1655614440665927,read
116,kojedotefijo,rumokonohodunuzeca,luwywik-zuhar-vuk-,hihozymacicod-sovas,1655614440696775,read
87,jyn-cehe,vavyryv-loqa,rofociboqyz-kob-fuj,guzufy,1655614440712868,update
159,qogab-w,juhigul-wevaheb,nolyz,lyqikomenifev-ly,1655614440728351,insert
0,xigyvydijajihemew,qulagibumehepu,fylysyhyrek-m-myr,s-tyf-wolufaq-d-,1655614440743752,update
3,fokygafykyto,kyn-giv-cav-f-lucede,dixupicezefuv,fybysufy,1655614440774243,delete
0,mirihuhabeb-dyty,p-cimetahudyc,roba,r-tefurudyz-no,1655614440805348,delete
45,mydyr-hazecytiti,koqov,d-takywodycoqov-gi,tomukobik,1655614440820730,update
35,manykenah,nopebebev,kejus,bed-t-g,1655614440851525,delete
0,vususen,noc-ziq,nyhirozul-nis,kuh-rajahanu,1655614440882641,delete
3,tiwysuwaradivaroze,bolatyz-xixisyv-kax-,muduredijin,fe,1655614440913816,delete
167,xudadahekyvyzimoja,peneb,togavesodik-t-qacen-,tuqizyqel-xopewuj-,1655614440929067,insert
45,v-fow,syk-dave,boqorusegizuqyw-,sawoheqoqoror,1655614440944994,update
169,n-d,lumidibuzig,gatyhoqe,jivic-s,1655614440960893,insert
3,fokygafykyto,kyn-giv-cav-f-lucede,dixupicezefuv,fybysufy,1655614440991757,read
169,n-d,lumidibuzig,gatyhoqe,jivic-s,1655614441023249,read
0,mirihuhabeb-dyty,p-cimetahudyc,roba,r-tefurudyz-no,1655614441053937,delete
173,sepegunyg-kazat,f-kuxug,ziw-revunycug-k,puf,1655614441069213,insert
0,cifik-k-qesisyxasyru,riqulizef,latobyzon-fedox,lerovixyh-x,1655614441100060,delete
35,manykenah,nopebebev,kejus,bed-t-g,1655614441130793,read
159,qogab-w,juhigul-wevaheb,nolyz,lyqikomenifev-ly,1655614441161757,delete
167,xudadahekyvyzimoja,peneb,togavesodik-t-qacen-,tuqizyqel-xopewuj-,1655614441193016,delete
0,xigyvydijajihemew,qulagibumehepu,fylysyhyrek-m-myr,s-tyf-wolufaq-d-,1655614441223719,read
3,zal-vyjebyzid,tonib,zoh-rifynybydafalo,p-wix,1655614441238899,insert
84,rogunylewa,xawuziq-cehe,majyrid-zoq-j,minufuv,1655614441269753,read
0,ludyz,n-z-ryvelinaq-kyj-,kuwapogyf-fuxy,kypajuv-g-ralikuq,1655614441285438,insert
0,bydaqyxevox,powin-,cob-kymihygezahy,v-fyqyx-gafeze,1655614441316863,delete
0,setigovymaqe,botuvurocovuramum,m-jojov-,vegepadocisurym,1655614441347968,read
16,vedegyn,py,tekevukyxok,jut-dabar-saxazity,1655614441378804,delete
45,huzowahybymumimuj,fy,to,jykuzerecoloxi,1655614441409672,delete
79,vah,sasud,c-huramugavomahywud,coq,1655614441440515,read
45,w-qixydygonabyjol,hadohicufydileteg,qohajizoxynu,diz-cyvaq-sywu,1655614441455816,insert
45,huzowahybymumimuj,fy,to,jykuzerecoloxi,1655614441486957,delete
0,toc-tesutex,pudevycudazu,c-f,k-kypyciwal-vab-vug,1655614441502361,insert
190,naketogukad-kolefev,bodihijydigyj,zamov,qab-tagilumefyjide,1655614441518064,insert
0,tikaqyweroluhexox-tu,ludywe,wanij-,zawyqare,1655614441533475,update
159,qogab-w,juhigul-wevaheb,nolyz,lyqikomenifev-ly,1655614441564222,read
169,n-d,lumidibuzig,gatyhoqe,jivic-s,1655614441595044,delete
136,tesuriridulud,xupynonug-qo,veroq-p-pirijuq-heka,zyliz,1655614441625950,read
0,w-badaqe,syk,vabajojez-,lij-virakomugexyh,1655614441641914,update
196,hiw-gedoh-,tan-fovadycahasy,tutob,nusekebebab,1655614441657336,insert
197,mehytyky,xynavexofukuqup,qadazyduxa,pajyv-l,1655614441672834,insert
198,musutyxufefi,wytexugu,p-rut-fofadahakuj,kupimugil-mebu,1655614441688293,insert
0,fuwodasin-k,faquziv,hiz,loq-titag,1655614441719012,read
200,nized-higusawaz-p,gojyrohuv,diqeqadiz,betob-le,1655614441734368,insert
70,wykunil-vydejax-hulu,vyrelyvepicojyfiza,rabanymez-b,qy,1655614441765130,read
10,lolyxuk,weqijoxis-furunebo,gas-d,zilejur-,1655614441795913,read
203,sanuhazonygupuheru,cek-quqitadot,t-xim-risev,numiq-vevijyruco,1655614441811495,insert
204,texyxuquxomuviroh,cizugalecomyxuzafub,k-pimafytahym,qod-qokagoxugugy,1655614441827429,insert
0,bydaqyxevox,powin-,cob-kymihygezahy,v-fyqyx-gafeze,1655614441858351,delete
3,fokygafykyto,kyn-giv-cav-f-lucede,dixupicezefuv,fybysufy,1655614441888933,delete
136,tesuriridulud,xupynonug-qo,veroq-p-pirijuq-heka,zyliz,1655614441919696,read
159,qogab-w,juhigul-wevaheb,nolyz,lyqikomenifev-ly,1655614441950244,read
0,jugytyvytopara,kudav-zyg,rylinovaxigukafusewy,zakogex-ducosoxorefy,1655614441981508,read
210,jiz,ny,ny,licir-lo,1655614441996785,insert
3,wysuzatug,kuqonog,gedicymecehunigagopa,re,1655614442028071,read
0,mirihuhabeb-dyty,p-cimetahudyc,roba,r-tefurudyz-no,1655614442058842,read
213,cuqi,cacyqotufycyf-v,baruleseseh,varybydarocavuvux,1655614442074206,insert
94,q-l-zik,sywimoroxyg-,gezisove,duhar-d-xewudaraveh,1655614442104955,read
3,werumuraq,vyzirad-hopecocu,b-h-xyq,napajyh,1655614442120318,insert
35,manykenah,nopebebev,kejus,bed-t-g,1655614442151276,delete
98,kysenedef-has-w-ni,melogovawaxehac-v,rekefolehij-pe,japeganoxup-vum-kaq,1655614442182536,delete
81,quqesykeh-tukosiqo,wezi,diceboqahiteva,rajatemat-s-,1655614442197899,update
124,sopajedetecykytub,zoze,zekev-f,sefaroq,1655614442229729,read
220,nut-xum,h-firulaf-q,sat-wyx,fyxyqynep-soxy,1655614442245140,insert
221,betan,so,s-hysusud,b-dupypezafele,1655614442260691,insert
0,jugytyvytopara,kudav-zyg,rylinovaxigukafusewy,zakogex-ducosoxorefy,1655614442292195,read
169,n-d,lumidibuzig,gatyhoqe,jivic-s,1655614442323142,delete
224,huzeg-jov-vubi,tehudag-jy,r-huvocimip-nelazox,gos,1655614442338957,insert
0,niselelycuj,ge,n-byven-x,tawirefokyzep,1655614442354584,insert
7,hez-nenep-vedenyqoda,rafitizicovufuxinu,tyqyxucyso,lybumaxyxyd-,1655614442385923,read
227,rar-wydugozyq,wak-nuc,duhak-ge,vehejyqepapeluq-wec,1655614442401796,insert
0,quwiquf-ha,wil,ducuxis-tupobyh-j,tol,1655614442432300,delete
45,kawyx-,syj-n-qyqut-qagan-,wymogefos-x,l-jobaluzybojyfobixa,1655614442447786,insert
3,fokygafykyto,kyn-giv-cav-f-lucede,dixupicezefuv,fybysufy,1655614442478397,read
22,dec-m-n-jik-mytama,xyduheweb-muja,vunelex,zejyfycyv,1655614442509068,read
3,dejerecubudynoce,cykuhutisyfohimazaf,bi,xajugikijyx,1655614442540333,read
78,hozodisefymuh,vepyx,watip-kub,muguwuso,1655614442555832,update
234,pocevejaz,vebyk-kisigukun,zoceqobofenix,myx-vuxuv,1655614442570976,insert
45,guzakuhesevovanonu,wiwyqoh-p-hy,fep-,q-,1655614442586315,update
169,n-d,lumidibuzig,gatyhoqe,jivic-s,1655614442617249,read
20,lagirimureliciwi,newirec-kux-f-tydin,lofa,jis-tahitizofu,1655614442648350,delete
238,ce,mocerur-b,s-n-kycemurefybi,derol,1655614442663679,insert
35,manykenah,nopebebev,kejus,bed-t-g,1655614442694406,delete
3,tiwysuwaradivaroze,bolatyz-xixisyv-kax-,muduredijin,fe,1655614442725251,read
241,mobyruhyqade,kif,dosuwup-qepavazymesi,v-ryjiz-niw-muheti,1655614442740225,insert
13,hopojas-ragelisiv,hilyvirubeduxyqej,pimer,cawotadyqiv,1655614442755693,update
0,xypeselaxykohyj,pi,fob-m,c-tefumexut,1655614442771031,insert
0,rit-riximijefi,doh,bozuvof-,huvaxemanuxuha,1655614442786518,update
245,jed-raquj-kehyx,x-sy,bigi,cohas,1655614442801875,insert
0,jovabyt-fiqu,re,dofomeg-tad-k-hahege,vudytiqup,1655614442833212,delete
247,zokibivas-malag-we,l-heq,gavyzacufeb-m-,k-q-rysykorucakido,1655614442849234,insert
131,lyr-qypiceg,xigehawomatugyw-,dapyxunugokebaz,nokeleperusaxikacac-,1655614442863705,update
249,pe,pekomocilev-xozigeva,wyfetehobo,gymudexyq,1655614442878925,insert
0,jovabyt-fiqu,re,dofomeg-tad-k-hahege,vudytiqup,1655614442910056,delete
45,cu,kaga,qylugyvav-jyfexynun,zinul-,1655614442941657,delete
252,safev-deneq-,xoz-hycutomuzycuh,xef-dujacog,z-nyxitaqowuv,1655614442956994,insert
197,mehytyky,xynavexofukuqup,qadazyduxa,pajyv-l,1655614442987664,delete
204,setopyrelyniv-,neqeres-tefefimukav,zoganeseqag,xafynalov-wirezaj,1655614443003053,update
0,mirihuhabeb-dyty,p-cimetahudyc,roba,r-tefurudyz-no,1655614443033954,read
256,vuxemijarezy,dyp-,pukomesijabadepe,jyv-naqo,1655614443049247,insert
0,jyve,natesaxonamaqifohek-,nydahefipyty,raqydo,1655614443064594,insert
258,receh-,recucydorer-banihupe,desub,cut-seg,1655614443079608,insert
0,jovabyt-fiqu,re,dofomeg-tad-k-hahege,vudytiqup,1655614443110357,delete
3,fokygafykyto,kyn-giv-cav-f-lucede,dixupicezefuv,fybysufy,1655614443140868,delete
0,mirihuhabeb-dyty,p-cimetahudyc,roba,r-tefurudyz-no,1655614443171742,delete
262,p-ra,tifimun-d-wazapeg,synijebijivi,gyxujyforocifeheb,1655614443187087,insert
263,cibudomob,jizojylykul,n-,gupywuvahyryp-geve,1655614443202538,insert
22,b-vyfa,xusixuvetihuj-robifa,vaxagexanycen-gi,xejewobom,1655614443217850,update
265,nefapuvisyh,befukavynyp,q-kewef-dor,badidyp-gum,1655614443233109,insert
3,fokygafykyto,kyn-giv-cav-f-lucede,dixupicezefuv,fybysufy,1655614443264182,read
267,j-xydaq,kyvom,ximuwiqizajokorep-ju,zevavuqamiw-qaqo,1655614443280285,insert
0,zywigijixefy,munatevari,r-v-votum-hyfoma,suvofolyqyparigi,1655614443295638,insert
0,bydaqyxevox,powin-,cob-kymihygezahy,v-fyqyx-gafeze,1655614443326349,read
13,kufu,qupupice,xopisa,k-nuvuk,1655614443341841,update
271,hocoqafow-tybo,wuled,b-mumyx-lafij-g,h-xozyseharukirofix,1655614443357315,insert
45,qax-baramat-lukuqic-,nac-m-dytu,fivemocubon-,zenowyje,1655614443372710,insert
0,bydaqyxevox,powin-,cob-kymihygezahy,v-fyqyx-gafeze,1655614443403929,read
3,wysuzatug,kuqonog,gedicymecehunigagopa,re,1655614443434669,read
0,ludyz,n-z-ryvelinaq-kyj-,kuwapogyf-fuxy,kypajuv-g-ralikuq,1655614443465757,read
238,ce,mocerur-b,s-n-kycemurefybi,derol,1655614443497259,read
79,suf,fehohyfidewuf-ta,buc,fapijobewodej-x,1655614443512774,insert
278,c-cog-syvasid,xysejyxugugihowewix,xeviqojez-ja,musotev,1655614443528678,insert
279,qitipixejomecucuk,kelafaran-p-quxih-,gikifutef,z-dexisohevyga,1655614443544644,insert
70,wykunil-vydejax-hulu,vyrelyvepicojyfiza,rabanymez-b,qy,1655614443575319,read
0,mirihuhabeb-dyty,p-cimetahudyc,roba,r-tefurudyz-no,1655614443606505,read
10,lolyxuk,weqijoxis-furunebo,gas-d,zilejur-,1655614443637312,delete
252,safev-deneq-,xoz-hycutomuzycuh,xef-dujacog,z-nyxitaqowuv,1655614443668189,delete
45,huzowahybymumimuj,fy,to,jykuzerecoloxi,1655614443699495,read
70,tozina,gatefokadi,gekimun-w-bo,qipi,1655614443715182,insert
136,tesuriridulud,xupynonug-qo,veroq-p-pirijuq-heka,zyliz,1655614443746287,delete
287,piselymah,t-tot-dewanip,ganatatyjo,zetu,1655614443761594,insert
0,porugegadac,lez-kaxotud-nufyh,kaheb-zohafesumizof-,ranys-kacuset,1655614443776965,update
11,bijapicyvy,jinyzypizeturono,jeniqexyku,cajon-vapuzajyr,1655614443807781,read
0,jovabyt-fiqu,re,dofomeg-tad-k-hahege,vudytiqup,1655614443838373,read
3,tiwysuwaradivaroze,bolatyz-xixisyv-kax-,muduredijin,fe,1655614443869412,read
292,w-xujycylo,bakalyz-gaf-lut,lyz-faf-nykulaco,cevygisib,1655614443885211,insert
45,momupyt,v-g,ninujuxudemod-qila,zyladu,1655614443900459,update
45,kawyx-,syj-n-qyqut-qagan-,wymogefos-x,l-jobaluzybojyfobixa,1655614443931373,delete
295,xodowanujabu,xihimuxacy,zugenak-,kobajufo,1655614443946795,insert
296,x-t-beb-k-d,xeb-xywyqumutafawiqa,qahiguqipirepota,sipepalubebyr,1655614443962147,insert
35,manykenah,nopebebev,kejus,bed-t-g,1655614443994003,delete
0,haz-map-jyhizoxece,jezakuq-z-ki,fehovoz,sefumucan,1655614444009217,update
64,bupezowy,gynywiq-s,tofepelo,jawo,1655614444024793,update
0,befukiv-sujyrazef,qywec-heh,met-suxysadibin,z-kosonyradageje,1655614444039994,update
267,kapixococybufib,cew,gawuxapig,te,1655614444055527,update
200,qymad,higobop-xegyruzes,f-tovyhal-janoqicy,fov-tunysanazapahaqy,1655614444070760,update
303,xiv-hagihycyluf,q-,hol,voxebatohyrolaxel,1655614444086066,insert
35,manykenah,nopebebev,kejus,bed-t-g,1655614444117073,delete
35,kazib-v,takaqerozyr-fut-pe,t-g-hu,tah-kilojykikyj-m,1655614444148011,read
45,w-hulyvymeve,b-mod-badirujat,sysu,qapes-xesyqeheveky,1655614444178767,read
0,jovabyt-fiqu,re,dofomeg-tad-k-hahege,vudytiqup,1655614444209996,delete
87,wonehywexak,vag,m-laguf-lanu,ciqijot,1655614444225120,update
0,bydaqyxevox,powin-,cob-kymihygezahy,v-fyqyx-gafeze,1655614444255903,read
0,ravyq-vy,qo,xa,n-licaq-zitunekut-,1655614444287492,read
0,fuwodasin-k,faquziv,hiz,loq-titag,1655614444318138,read
16,f-cif-nisuvup,fojasijaq-d,zigacafex-k-,kalym-buraju,1655614444333634,insert
203,jonadofywebizyxymiw,vovizyqyruq,pumaf,ratel-p,1655614444348993,update
190,naketogukad-kolefev,bodihijydigyj,zamov,qab-tagilumefyjide,1655614444379722,read
241,cum-matov-niz,dahiq,vyfykipulosul,lylem,1655614444395238,update
0,vususen,noc-ziq,nyhirozul-nis,kuh-rajahanu,1655614444426073,delete
13,vogitysatecow-,buqid-m-h,vimo,neciminifapyxowewem,1655614444456833,delete
318,hi,mipuxudu,syqekugeteseqy,wabacux,1655614444472319,insert
0,quwiquf-ha,wil,ducuxis-tupobyh-j,tol,1655614444503140,delete
0,vug-,quzyjowomikav-noxoq,nejic-xeximybawezyhe,caneg-qegajebu,1655614444519194,insert
0,zywigijixefy,munatevari,r-v-votum-hyfoma,suvofolyqyparigi,1655614444550139,read
136,tesuriridulud,xupynonug-qo,veroq-p-pirijuq-heka,zyliz,1655614444582288,read
0,n-laq,kozyqy,janas-syfihafodadop,kekivonujepuwunumy,1655614444613541,delete
84,dotyropuqutas-g,mus-lo,qaradiwu,gekirolidisaj,1655614444629590,update
3,tiwysuwaradivaroze,bolatyz-xixisyv-kax-,muduredijin,fe,1655614444660458,read
7,korawaxakenybikyk-z-,litigebasytybasuza,wakuhiwiheduzany,mikux-g,1655614444675912,insert
327,sagafuj-lov-wuq-wa,wamomipibabosym-mo,xucuruciw,h-xybex-b,1655614444691173,insert
3,fokygafykyto,kyn-giv-cav-f-lucede,dixupicezefuv,fybysufy,1655614444722035,read
13,kufu,qupupice,xopisa,k-nuvuk,1655614444752645,delete
200,nized-higusawaz-p,gojyrohuv,diqeqadiz,betob-le,1655614444783501,read
0,hazusicufa,w-dudix-filijeryt-,nihufemyriq,gev-b-fa,1655614444798838,insert
332,dygiju,sesevalaroda,mefen,me,1655614444814228,insert
0,mirihuhabeb-dyty,p-cimetahudyc,roba,r-tefurudyz-no,1655614444844942,delete
334,sinahohihir,dasuv-mosogen-m,qiwoqecixupebywev,nuk-h-gi,1655614444860288,insert
45,w-hulyvymeve,b-mod-badirujat,sysu,qapes-xesyqeheveky,1655614444890545,delete
197,z-pakif,k-vor-xen-dizi,guhadoj-puw,disicarixid-tufygum,1655614444905634,insert
35,manykenah,nopebebev,kejus,bed-t-g,1655614444936387,delete
338,nuwixofabecuxa,le,mumyqem-zyvazipeb,jynenopamybavaheka,1655614444951797,insert
241,mobyruhyqade,kif,dosuwup-qepavazymesi,v-ryjiz-niw-muheti,1655614444982476,read
3,rys-cysivojug-d-,puzeqywepu,qyroz-,q-vacuqev-dud-dily,1655614444997805,insert
131,gukipymuf-secotu,wutymar-,patexijelygicihutyla,mugor-pime,1655614445029173,delete
131,gukipymuf-secotu,wutymar-,patexijelygicihutyla,mugor-pime,1655614445059869,read
0,n-laq,kozyqy,janas-syfihafodadop,kekivonujepuwunumy,1655614445090860,read
0,jajobyc,jaqax,pebugivod-wo,riludy,1655614445106298,insert
45,w-hulyvymeve,b-mod-badirujat,sysu,qapes-xesyqeheveky,1655614445137784,delete
45,w-hulyvymeve,b-mod-badirujat,sysu,qapes-xesyqeheveky,1655614445168604,delete
347,losaluxi,pulyrameqovu,cegyxyruz-qusewynora,cafagizaqus-rab,1655614445184138,insert
3,dejerecubudynoce,cykuhutisyfohimazaf,bi,xajugikijyx,1655614445215515,delete
132,r-gov-faxyxoticiq-,joj-mehidapofa,qyqeqol,raq-xe,1655614445247156,delete
350,wequvudehoq,mowek,navajolitalahohugono,lywomidogyvid,1655614445262506,insert
0,quwiquf-ha,wil,ducuxis-tupobyh-j,tol,1655614445293522,read
352,gyziniwefibi,mi,funihegipym-,c-n,1655614445309557,insert
353,cuvonumosan-colun-gy,vejymiperitab-tal,zuf,ginaziqacijyhoj,1655614445324711,insert
227,rar-wydugozyq,wak-nuc,duhak-ge,vehejyqepapeluq-wec,1655614445355523,read
0,jovabyt-fiqu,re,dofomeg-tad-k-hahege,vudytiqup,1655614445386162,delete
0,zigap-nygypecu,pyh,saritiwexeg-jyryco,nosat-qoxa,1655614445417490,read
45,jawinycitexuf-koc-,wezesopihogodumyjat,bojyryjuhag,hokefydalic-r,1655614445433537,insert
145,dimevegumemyvan-,xag-jysehad-zilari,saniwed-,vanutahyvexabad-,1655614445464974,read
359,w-tuzecuxyburym-z-m,nuputys-pegyq,givatucihuwy,hiniwywafubam,1655614445480277,insert
347,d-d-n-s-g-,zo,koj-wujojediqivov-,wyc,1655614445495441,update
0,zigap-nygypecu,pyh,saritiwexeg-jyryco,nosat-qoxa,1655614445526302,delete
362,tysobanur-,qykykeqomawyfada,d-guj-qepomeg-l,zag-dasudezonehopy,1655614445542030,insert
363,z-wy,sukup,h-pyw-,qepa,1655614445557177,insert
0,mirihuhabeb-dyty,p-cimetahudyc,roba,r-tefurudyz-no,1655614445588484,read
365,besirihusyfawor,q-zuruhuvufol-,kitogaluku,bigi,1655614445603866,insert
45,huzowahybymumimuj,fy,to,jykuzerecoloxi,1655614445634686,delete
47,zixohodokyzegynidu,tupyhylamaw-pisodaw,gu,r-cezyriro,1655614445649818,insert
368,xyxuvic,sos-juryfo,kozylib-ze,ros,1655614445665208,insert
369,fasoq-tibewuvygez,zysyjymytu,ruziq,kapu,1655614445680541,insert
370,mesesig-,nad-d,cyzuxoz-bym-we,lag-jihobyz,1655614445695960,insert
3,wysuzatug,kuqonog,gedicymecehunigagopa,re,1655614445726518,delete
35,manykenah,nopebebev,kejus,bed-t-g,1655614445757455,delete
373,wu,tow-ticywu,qutodygide,topylip,1655614445772713,insert
70,wykunil-vydejax-hulu,vyrelyvepicojyfiza,rabanymez-b,qy,1655614445803324,delete
3,vasosudih-j-p,juq,covurob,jexopekaxasuzah-po,1655614445818750,insert
3,momob-,cirawacaz-zaruroc-s-,wusesiceruvuvep,suc-lat-nub-nexase,1655614445834247,update
22,gur-raronu,xaqojifulohof-b,wucug-xogybajum-c,wopizubiqicijy,1655614445849659,update
70,wykunil-vydejax-hulu,vyrelyvepicojyfiza,rabanymez-b,qy,1655614445880593,delete
0,g-mub,cik-xynubafaqimem,wabiqovi,mawavokyziqiw,1655614445912538,read
11,bijapicyvy,jinyzypizeturono,jeniqexyku,cajon-vapuzajyr,1655614445943560,delete
45,w-hulyvymeve,b-mod-badirujat,sysu,qapes-xesyqeheveky,1655614445974460,delete
7,dah-boz,qutiwuxiv-ke,jaf-divoculyc-hi,rosociv-fucexuf-roxi,1655614446005905,delete
81,xahuvidukoqep-no,monakutucet,casanyhet-jyxexyn,had,1655614446021211,update
3,dejerecubudynoce,cykuhutisyfohimazaf,bi,xajugikijyx,1655614446052884,read
7,rinypumot-v-me,wyzeciqypalikocec,qegak-,ca,1655614446083644,delete
386,johy,fury,hahakimulizinox,weqogab,1655614446099176,insert
3,so,sadigut,s-,fimab-r-p,1655614446114492,update
0,qysetugewytiriq,gukilyrorefogade,job-husilunule,hivaligyred,1655614446129980,insert
45,w-hulyvymeve,b-mod-badirujat,sysu,qapes-xesyqeheveky,1655614446160670,delete
0,mirihuhabeb-dyty,p-cimetahudyc,roba,r-tefurudyz-no,1655614446192103,read
391,lylutyvolan,hewuzaqosymuz-l-,ceb-ninydolyqure,lo,1655614446207492,insert
3,dejerecubudynoce,cykuhutisyfohimazaf,bi,xajugikijyx,1655614446238283,delete
3,dejerecubudynoce,cykuhutisyfohimazaf,bi,xajugikijyx,1655614446269077,read
47,rygulodaqovoxojafy,vat-n-pakyjomytapuko,bin,wahomoryb-cepy,1655614446299666,delete
88,nozocuq-jahor-,hup,wem-,hafuxupafaled,1655614446330377,read
47,zixohodokyzegynidu,tupyhylamaw-pisodaw,gu,r-cezyriro,1655614446361297,delete
22,dec-m-n-jik-mytama,xyduheweb-muja,vunelex,zejyfycyv,1655614446392207,read
398,c-f-fofyjykimox-,h-maxamavek-qidy,roj-remotyvekapo,pas-valoda,1655614446407830,insert
45,w-hulyvymeve,b-mod-badirujat,sysu,qapes-xesyqeheveky,1655614446438716,read
87,jyn-cehe,vavyryv-loqa,rofociboqyz-kob-fuj,guzufy,1655614446470467,read
3,zavuhy,zydysak-c-kary,w-,zotevolikeguveki,1655614446501035,read
49,lyjyles-qox,j-misaxurozehaloxus,qof-r-tadekosubag,di,1655614446516553,update
0,jovabyt-fiqu,re,dofomeg-tad-k-hahege,vudytiqup,1655614446547669,read
35,gy,xysen-vunulehev,xu,rotok,1655614446563528,insert
405,tuw-xaj-wewik,d-m-nukyboled,kunyv,digapypoj-lu,1655614446578944,insert
124,ziw-xokasovidozy,ditit-dusul-fofucyz,zo,w-kygaje,1655614446594216,update
47,lixahy,di,lubi,jorivifekyge,1655614446609734,insert
84,dotyropuqutas-g,mus-lo,qaradiwu,gekirolidisaj,1655614446640509,read
22,dec-m-n-jik-mytama,xyduheweb-muja,vunelex,zejyfycyv,1655614446671478,read
0,mirihuhabeb-dyty,p-cimetahudyc,roba,r-tefurudyz-no,1655614446702511,delete
411,zykumom-xuvifynyj-,qyqen-pykytijobab,wanade,l-tar-hikyridifyg,1655614446717967,insert
0,g-mub,cik-xynubafaqimem,wabiqovi,mawavokyziqiw,1655614446749460,delete
413,voloboqaroxe,fyn-tud-xom,wysypocisoleq,tehihi,1655614446765240,insert
0,xicut-cew-savyfoci,zuliq,wih-lixiteban,xalunen-g,1655614446780728,insert
373,wu,tow-ticywu,qutodygide,topylip,1655614446811635,delete
416,notona,nygowafif,somu,zevisadatojegipuwu,1655614446827065,insert
70,wykunil-vydejax-hulu,vyrelyvepicojyfiza,rabanymez-b,qy,1655614446857744,read
84,rogunylewa,xawuziq-cehe,majyrid-zoq-j,minufuv,1655614446888625,delete
3,coxuxipex,j-c-lytivykihuhil,vok,fitohol,1655614446904092,insert
22,dec-m-n-jik-mytama,xyduheweb-muja,vunelex,zejyfycyv,1655614446934780,read
92,fu,w-hov-v,c-nonejyvufyqop-sup,ririnylisovumimofodo,1655614446950155,update
45,w-hulyvymeve,b-mod-badirujat,sysu,qapes-xesyqeheveky,1655614446981944,read
423,basixecohese,ferelebytunyvola,d-nocyx-zegoz,b-h-byrefu,1655614446997951,insert
424,la,sudoqikohahyvapyg,wimajicefom-s,nadowositebu,1655614447013401,insert
0,xuganupip-,vut-,v-facyt,d-kera,1655614447044500,delete
70,tozina,gatefokadi,gekimun-w-bo,qipi,1655614447075379,read
3,coqycutacakehafyfyme,vyrefyhuhidegebofaj,rinewev,jylok-,1655614447091002,update
0,vususen,noc-ziq,nyhirozul-nis,kuh-rajahanu,1655614447122392,delete
429,taxopy,miqavijojuquz,jakagizuxojycigu,vih-lynaj,1655614447137722,insert
124,cehik-wynapyzapud,juw-ha,di,zyz-cuwiduruv-f,1655614447153118,update
3,qydanahunizoge,risuf-burez-cim,gojuxezujy,kyjybyc-fuq,1655614447168658,update
0,jihevizotegal,j-hiwyruv-zote,mesupyfym-j-ke,xopigad-vizadyl-m,1655614447184277,insert
7,dah-boz,qutiwuxiv-ke,jaf-divoculyc-hi,rosociv-fucexuf-roxi,1655614447214841,delete
434,hymyqanyj-,qafi,viqugevyrujep-biru,pify,1655614447230870,insert
45,kawyx-,syj-n-qyqut-qagan-,wymogefos-x,l-jobaluzybojyfobixa,1655614447261862,read
131,gukipymuf-secotu,wutymar-,patexijelygicihutyla,mugor-pime,1655614447293155,read
0,xuganupip-,vut-,v-facyt,d-kera,1655614447324768,delete
84,dotyropuqutas-g,mus-lo,qaradiwu,gekirolidisaj,1655614447355737,delete
439,cahytocozolyn-bac,pozanyzaxygyfen-raf-,jaxitykytej-cyz-suz,vikoryz-log,1655614447371299,insert
13,vogitysatecow-,buqid-m-h,vimo,neciminifapyxowewem,1655614447401918,delete
35,hemiha,wuvav-mawok,ciririw,fyfymef-colaruhu,1655614447417641,update
442,b-lysisokakopawogob,pucisuxuqywycikol-r,kuv-s-,vaxaqomykiq,1655614447433000,insert
13,ce,myvi,gagaqabepivefa,gaxupisykifixykuqi,1655614447448499,insert
238,ce,mocerur-b,s-n-kycemurefybi,derol,1655614447479997,delete
45,kawyx-,syj-n-qyqut-qagan-,wymogefos-x,l-jobaluzybojyfobixa,1655614447510730,read
35,tesyhemu,fyby,coragyxi,xuqic,1655614447525992,update
447,rul-tezyridasi,jusasaqug-nujem-k,pudib-codomafun,neben-gi,1655614447541434,insert
296,x-t-beb-k-d,xeb-xywyqumutafawiqa,qahiguqipirepota,sipepalubebyr,1655614447572733,read
45,teh-baqaryvod,pixypohonyqep-cewol,pydocywim-hisi,rosonyvurazur,1655614447588436,insert
450,c-,ji,wejucylabisuqugur-,by,1655614447603887,insert
0,futuho,gojipagyxuduxu,r-bebimepaxej,besusikehanuxonab,1655614447619241,insert
47,pizol,jyrypikowisaqopab,rirubozesuvudu,nog-pamozilape,1655614447634833,update
0,jovabyt-fiqu,re,dofomeg-tad-k-hahege,vudytiqup,1655614447665566,delete
0,bydaqyxevox,powin-,cob-kymihygezahy,v-fyqyx-gafeze,1655614447696513,read
455,kubax-rane,h-lybilise,benygipiponoqyqe,tym-xyfirib,1655614447712529,insert
0,bydaqyxevox,powin-,cob-kymihygezahy,v-fyqyx-gafeze,1655614447743912,delete
45,gaqu,tilyf-fopuh-w,najypywudirif,r-,1655614447759333,update
238,ce,mocerur-b,s-n-kycemurefybi,derol,1655614447790127,read
0,pywow-jedekidep,dujitypacek,zodizifizizyj-byt-,zop-vaz,1655614447805595,insert
200,qymad,higobop-xegyruzes,f-tovyhal-janoqicy,fov-tunysanazapahaqy,1655614447836278,delete
84,rogunylewa,xawuziq-cehe,majyrid-zoq-j,minufuv,1655614447867149,delete
3,fokygafykyto,kyn-giv-cav-f-lucede,dixupicezefuv,fybysufy,1655614447897793,delete
0,qevunyp,gyqyq,dovysidysus,pah-zit-,1655614447913067,update
52,xur-dykuvimecevis-c,sicosigydar,fa,gagup-zaj,1655614447943853,delete
465,wuv,n-r-l-latoxef-puj-pa,hy,m-docymagum-lyka,1655614447959448,insert
197,mehytyky,xynavexofukuqup,qadazyduxa,pajyv-l,1655614447990747,read
467,paluvajolo,qezov-xiqoryv-rer-,rup-sa,h-cafiseg-t,1655614448006062,insert
197,sutarakagog,noqyzufekogynaf,rohukufunac,z-zakijopyw-w,1655614448021437,update
167,xudadahekyvyzimoja,peneb,togavesodik-t-qacen-,tuqizyqel-xopewuj-,1655614448052844,delete
245,jed-raquj-kehyx,x-sy,bigi,cohas,1655614448083633,delete
3,vaj-n-mezuzan,d-vuguz,wefurovecawymo,zexodyxeso,1655614448099379,insert
47,soqazutehogujov,hi,rynyc-setyzidogop,gowabucug-dik-wyqafi,1655614448115066,update
45,jymagef-zawalysis,p-,buxuqepyv-susuvif,xasynim-w-vidamucace,1655614448130854,update
35,vatab-r-suwowu,n-fugumaz,guw-k,k-di,1655614448146273,update
3,tipomumelifo,runylesy,ciselykafe,nides,1655614448177443,read
45,lizacibepikihawysasu,xijo,qakax-daqazyh-xe,sibevewywekizysybev,1655614448192792,update
477,qyb-x-d,duqawuv-kymi,tun-myq-gugawevyp,lidocolyvek,1655614448208248,insert
79,suf,fehohyfidewuf-ta,buc,fapijobewodej-x,1655614448239181,delete
0,zywigijixefy,munatevari,r-v-votum-hyfoma,suvofolyqyparigi,1655614448269938,delete
35,fefadaf-l-qex-ne,q-gutew,fesycopukybanavo,tun,1655614448285312,update
0,mirihuhabeb-dyty,p-cimetahudyc,roba,r-tefurudyz-no,1655614448316587,read
116,kojedotefijo,rumokonohodunuzeca,luwywik-zuhar-vuk-,hihozymacicod-sovas,1655614448347637,delete
483,daqej,kudaliji,k-,duminohozodevi,1655614448363146,insert
3,jeratuv,donek-rid-jol,lynojumusor-t,voq-kyvehypoh,1655614448378563,update
423,basixecohese,ferelebytunyvola,d-nocyx-zegoz,b-h-byrefu,1655614448409217,read
3,coqycutacakehafyfyme,vyrefyhuhidegebofaj,rinewev,jylok-,1655614448439931,delete
131,saqet,qyd,x-qugim,jog,1655614448455268,insert
488,zavywaqesyqyfyt-bijo,ri,leninegojasotu,fipepyfol-ximu,1655614448470639,insert
0,quwiquf-ha,wil,ducuxis-tupobyh-j,tol,1655614448501336,read
490,zem-qemeredyqybuxiz,q-,k-j-kubecuh,nif-,1655614448516698,insert
491,neruvam-peky,wiz-f-fiqak,h-lywof-lawaj,jiqakoheqidejaq-,1655614448532373,insert
3,fokygafykyto,kyn-giv-cav-f-lucede,dixupicezefuv,fybysufy,1655614448563125,delete
35,manykenah,nopebebev,kejus,bed-t-g,1655614448593871,read
494,sexiboby,q-fufimilagut,fuzuvepyk,te,1655614448609255,insert
3,wysuzatug,kuqonog,gedicymecehunigagopa,re,1655614448640115,delete
132,r-gov-faxyxoticiq-,joj-mehidapofa,qyqeqol,raq-xe,1655614448670162,read
497,bycuqaduwoj,muc,k-,qyh-g-h,1655614448685336,insert
0,jovabyt-fiqu,re,dofomeg-tad-k-hahege,vudytiqup,1655614448716715,read
499,busederot-m-bihaha,fezulun,wexenalebon-becupe,k-vosota,1655614448732190,insert
500,pixoj,fo,g-f,koqyti,1655614448747586,insert
439,cahytocozolyn-bac,pozanyzaxygyfen-raf-,jaxitykytej-cyz-suz,vikoryz-log,1655614448778120,read
0,fuwodasin-k,faquziv,hiz,loq-titag,1655614448808934,read
503,lal-gycyjenus-kadod,jedas-buvocezax,lemesiwoku,dizitenyf-zubepukovu,1655614448824215,insert
0,faqyxuxahybevatecyfi,togyvyc-duzewexy,rad,ro,1655614448840445,insert
45,pow-,sygimegyk,wezu,lavimuxufawyxojimih,1655614448855892,update
0,jovabyt-fiqu,re,dofomeg-tad-k-hahege,vudytiqup,1655614448886713,read
0,saxozoqom-gucemi,dejavyvajuhuzeb,nez-ka,vud,1655614448902203,update
84,rogunylewa,xawuziq-cehe,majyrid-zoq-j,minufuv,1655614448933734,delete
227,rup-bu,g-bewovas-m,hukabekalazu,fequlijuxesot,1655614448949581,update
510,bihamyr-,dimujuwacip-,xihuqoginepehyna,d-k-h-leviqucic-xi,1655614448965434,insert
0,jovabyt-fiqu,re,dofomeg-tad-k-hahege,vudytiqup,1655614448995979,read
512,lidyme,vogovyzaxir-h,daxexasowejuxu,fam,1655614449011915,insert
0,quwiquf-ha,wil,ducuxis-tupobyh-j,tol,1655614449043696,read
35,kazib-v,takaqerozyr-fut-pe,t-g-hu,tah-kilojykikyj-m,1655614449074034,delete
13,velaqaxeqeto,lizuzad-h,xexohyjel,watu,1655614449090092,update
516,wac-v-d,tylahybamelyfihok,b-p-wybomerupysyveq,ruhov-xehus-mekykur-,1655614449105649,insert
16,vedegyn,py,tekevukyxok,jut-dabar-saxazity,1655614449136720,delete
3,peguv-simij-zojaf,wyzow-zev,di,fyto,1655614449151986,insert
512,lidyme,vogovyzaxir-h,daxexasowejuxu,fam,1655614449182761,read
7,dah-boz,qutiwuxiv-ke,jaf-divoculyc-hi,rosociv-fucexuf-roxi,1655614449214829,delete
22,wywuma,vegopufamigoryza,w-s,cadiwerife,1655614449230264,update
16,vedegyn,py,tekevukyxok,jut-dabar-saxazity,1655614449261121,delete
350,wequvudehoq,mowek,navajolitalahohugono,lywomidogyvid,1655614449292380,read
0,hobunaxecywy,rax-,duzynov-keju,rilyf-typyxy,1655614449307813,update
525,n-qifubor-heru,nekysycycohybefe,x-x-jopezaduc-hugojo,su,1655614449323885,insert
526,rep,m-tebynuboxosi,woxog-x-fenuj-by,robi,1655614449339094,insert
527,kotul-decan-,gytyhigekatonyqa,meli,wut,1655614449355019,insert
7,vy,t-hol-dilequlikok-j,hubavynuru,feber,1655614449386721,delete
529,v-cixafag,lehagavazyxerymyvyxy,bozak-cikip-wacejiwy,cocyn,1655614449401998,insert
439,cahytocozolyn-bac,pozanyzaxygyfen-raf-,jaxitykytej-cyz-suz,vikoryz-log,1655614449432842,read
3,fokygafykyto,kyn-giv-cav-f-lucede,dixupicezefuv,fybysufy,1655614449463581,read
0,mirihuhabeb-dyty,p-cimetahudyc,roba,r-tefurudyz-no,1655614449494636,delete
0,jihevizotegal,j-hiwyruv-zote,mesupyfym-j-ke,xopigad-vizadyl-m,1655614449525329,read
534,kededi,qi,qow-l,qezuromulymocewec,1655614449540755,insert
70,wykunil-vydejax-hulu,vyrelyvepicojyfiza,rabanymez-b,qy,1655614449571249,delete
0,cifik-k-qesisyxasyru,riqulizef,latobyzon-fedox,lerovixyh-x,1655614449601901,delete
537,gycikihozet-leho,rywe,tyk-veguxuvyhawa,wup-f-qatitu,1655614449617286,insert
538,ki,tyf-dozasiwegarano,zanyb-xeny,ramyxopo,1655614449632679,insert
539,kezuwyvoguq-vud-s,cirez,m-nomegusilubyty,xocihyfom-voqonep,1655614449648010,insert
540,baroq-zitu,j-fo,duxuvusesuxer,wif-kiva,1655614449663369,insert
81,xesyjahezeqafyroquk,hy,hycyxeweqynipyz,perakodyryt,1655614449694096,read
84,rogunylewa,xawuziq-cehe,majyrid-zoq-j,minufuv,1655614449724819,delete
543,lur-k,qygevafopew-hocezusi,kufan-boh,jomesotabipocegu,1655614449740355,insert
292,w-xujycylo,bakalyz-gaf-lut,lyz-faf-nykulaco,cevygisib,1655614449770938,read
413,voloboqaroxe,fyn-tud-xom,wysypocisoleq,tehihi,1655614449802067,read
89,n-lulozoc,zusup-b-jogukociwupi,gyc-hubudej-x-ry,t-neqogumu,1655614449818107,update
45,kawyx-,syj-n-qyqut-qagan-,wymogefos-x,l-jobaluzybojyfobixa,1655614449849737,delete
548,rokakynibesiqosez,wixokemyzotimehohohy,nonajulopysepyv-fyw,xopeqarosanutifikawy,1655614449865231,insert
549,ji,r-wom,xabucyl-daquz,qelowe,1655614449880605,insert
549,gimef-,xagin-lymyni,nyg-homyjow,fo,1655614449895859,update
551,vehek-d-paqi,m-z-size,bocyduq-,gizihulym-,1655614449911276,insert
552,r-serih,wuz-xeqeboj,c-gapotu,jogenak-jahozuro,1655614449926560,insert
10,dydiripytesotatux,fabyqanuj,wiweq-cyg-wogow,nojycideb-zuwabidawy,1655614449942229,insert
373,wu,tow-ticywu,qutodygide,topylip,1655614449972867,read
267,d-nunepyvyricu,wubivydadebabys,jen,xa,1655614449988178,update
16,vedegyn,py,tekevukyxok,jut-dabar-saxazity,1655614450018782,read
557,p-fawogelav-bityr,nal-calirax-li,tar-ned-kuhaza,jagekusoh-,1655614450034209,insert
45,huzowahybymumimuj,fy,to,jykuzerecoloxi,1655614450065015,read
559,m-gojaw-wa,dadegyxahoxosumyxy,dyr-xyduqumyrin-,qekycyl-jehyqah,1655614450079887,insert
560,pumykapyfulanyh,pov-katymysi,girycyq-folom-ded,zynijyfyruletipery,1655614450094789,insert
79,vah,sasud,c-huramugavomahywud,coq,1655614450125815,delete
494,sexiboby,q-fufimilagut,fuzuvepyk,te,1655614450156794,read
88,nozocuq-jahor-,hup,wem-,hafuxupafaled,1655614450187721,delete
169,n-d,lumidibuzig,gatyhoqe,jivic-s,1655614450218980,read
3,dejerecubudynoce,cykuhutisyfohimazaf,bi,xajugikijyx,1655614450249801,delete
0,tikaqyweroluhexox-tu,ludywe,wanij-,zawyqare,1655614450281149,delete
483,mysytex,tej,butowykeqafyh,kyviqameh-wecig-wob,1655614450296980,update
132,d-bamefuroby,co,qumuvofovyd-z,c-q-g,1655614450312669,insert
45,w-hulyvymeve,b-mod-badirujat,sysu,qapes-xesyqeheveky,1655614450344115,read
552,dejedu,negolipyw-guv,l-qirocepi,rajaniqiqo,1655614450359608,update
45,tykywex-qyhud,kejanafijiberu,bocylulep,guqi,1655614450375094,insert
0,jajobyc,jaqax,pebugivod-wo,riludy,1655614450405667,read
573,kygupijuliqyd-,zuk-qefa,pegobihytajaf-petip,gu,1655614450421271,insert
551,vehek-d-paqi,m-z-size,bocyduq-,gizihulym-,1655614450452199,delete
204,zys-raji,qy,hisyta,k-q,1655614450467626,update
84,dotyropuqutas-g,mus-lo,qaradiwu,gekirolidisaj,1655614450498792,delete
577,f-johyhonuwyr,tyrywol-sudali,koxazifedinyk,cirezynihor-po,1655614450514733,insert
0,fuwodasin-k,faquziv,hiz,loq-titag,1655614450546186,read
35,mihyjyvazof-s-,zogoqi,vyb,xubusimohesasozaj-d,1655614450561544,insert
0,hobunaxecywy,rax-,duzynov-keju,rilyf-typyxy,1655614450592684,delete
45,beg-nib-jejyzyvuve,bi,qu,zyz,1655614450608201,update
16,xixuhepaf,vagesulos-py,selit,myd,1655614450623576,insert
137,q-q-qosik-tax,gehytudedib-s-,fukylilom,qowomyf,1655614450654422,read
584,tuxacyc,hoquril,mot-jikovubopapez-n,lysofohezym-kerac,1655614450669890,insert
3,myqenuleb-h,xydun-s-lyc-nar,k-ciwul-fys-tabejo,woxet,1655614450700593,delete
0,setigovymaqe,botuvurocovuramum,m-jojov-,vegepadocisurym,1655614450731261,read
0,ludyz,n-z-ryvelinaq-kyj-,kuwapogyf-fuxy,kypajuv-g-ralikuq,1655614450761939,delete
0,lakon-j-d,f-gosowagy,dumitax-t,coqojit-z,1655614450777433,insert
35,dyhutul-nekuse,lyvoleqoqakegojymo,vewahatyfef-guhecur,zefogak-,1655614450792755,update
455,cydululacuf-gux,soq,bym,tezomatolyfiqid-va,1655614450808075,update
45,wi,qihypyhegobyzipoxix,fesukedolibinedif,cetut-xedalahoqujo,1655614450823359,update
159,qogab-w,juhigul-wevaheb,nolyz,lyqikomenifev-ly,1655614450854095,delete
45,w-hulyvymeve,b-mod-badirujat,sysu,qapes-xesyqeheveky,1655614450884923,delete
45,kiw,vygozumokazybyvu,raxyrym-,kenota,1655614450900457,insert
595,n-s,fu,n-zep,za,1655614450915788,insert
490,zem-qemeredyqybuxiz,q-,k-j-kubecuh,nif-,1655614450946476,delete
111,pu,s-vijahozeqokuhuj-p,juwididirog-ne,tul-wolamowo,1655614450961886,update
136,tesuriridulud,xupynonug-qo,veroq-p-pirijuq-heka,zyliz,1655614450992607,delete
3,coqycutacakehafyfyme,vyrefyhuhidegebofaj,rinewev,jylok-,1655614451023440,read
600,bos-,qemup,gyforatu,puseqabudexopokihagu,1655614451039487,insert
173,sepegunyg-kazat,f-kuxug,ziw-revunycug-k,puf,1655614451070660,delete
258,kyb-tiwusiqetolyfon-,vap-q-vel-q-gig,lisokiwysozyl-towan,rokiweg-rynekas-kumo,1655614451086184,update
47,soqazutehogujov,hi,rynyc-setyzidogop,gowabucug-dik-wyqafi,1655614451116860,delete
405,tuw-xaj-wewik,d-m-nukyboled,kunyv,digapypoj-lu,1655614451148275,read
35,manykenah,nopebebev,kejus,bed-t-g,1655614451179012,read
136,tesuriridulud,xupynonug-qo,veroq-p-pirijuq-heka,zyliz,1655614451210020,read
607,quf-xypyjuh,hupygoquvisefugalu,qiloqixamuj,q-faqys-t-biqopere,1655614451225328,insert
204,zys-raji,qy,hisyta,k-q,1655614451256174,delete
16,vedegyn,py,tekevukyxok,jut-dabar-saxazity,1655614451287307,read
610,bad,myqij,safyc-nylupupaxo,lisabydyqa,1655614451302582,insert
3,fokygafykyto,kyn-giv-cav-f-lucede,dixupicezefuv,fybysufy,1655614451334038,delete
13,vogitysatecow-,buqid-m-h,vimo,neciminifapyxowewem,1655614451365316,read
338,nuwixofabecuxa,le,mumyqem-zyvazipeb,jynenopamybavaheka,1655614451396306,delete
614,fekygyz-fibe,cubuc-poqiwiwemidon,gukuhiv-kolyded-ber,secybehuf-,1655614451411863,insert
607,jujysyranekybam-lu,ducexyte,jyl-v-b,r-b,1655614451427255,update
3,dejerecubudynoce,cykuhutisyfohimazaf,bi,xajugikijyx,1655614451458001,read
423,basixecohese,ferelebytunyvola,d-nocyx-zegoz,b-h-byrefu,1655614451488806,delete
618,rypuhajixilybytegowu,fuzawesyj-g,beke,ji,1655614451504940,insert
0,mirihuhabeb-dyty,p-cimetahudyc,roba,r-tefurudyz-no,1655614451536466,delete
238,ce,mocerur-b,s-n-kycemurefybi,derol,1655614451567195,read
234,pocevejaz,vebyk-kisigukun,zoceqobofenix,myx-vuxuv,1655614451598231,read
159,qogab-w,juhigul-wevaheb,nolyz,lyqikomenifev-ly,1655614451629585,read
595,n-s,fu,n-zep,za,1655614451660366,read
52,lufelocigyrylo,bisyvava,hyg-vyg-qegen,xiticubuwyfuvo,1655614451675701,insert
159,qogab-w,juhigul-wevaheb,nolyz,lyqikomenifev-ly,1655614451707172,read
0,du,c-piqes-cecoq-wi,bocazutavobyhudof-t,maf,1655614451722795,insert
350,pasix,tiberolora,qewyjiconocujo,gecic-lan-pinysysoxa,1655614451738718,update
35,mihyjyvazof-s-,zogoqi,vyb,xubusimohesasozaj-d,1655614451769705,read
629,mov,jiw-kata,t-r-jewozu,reqolidywet-warotoni,1655614451785844,insert
241,mobyruhyqade,kif,dosuwup-qepavazymesi,v-ryjiz-niw-muheti,1655614451816982,delete
278,c-cog-syvasid,xysejyxugugihowewix,xeviqojez-ja,musotev,1655614451847651,read
0,jovabyt-fiqu,re,dofomeg-tad-k-hahege,vudytiqup,1655614451878410,read
245,licyk-ni,camonoteciva,toz,fykeget-xyb-h,1655614451894081,insert
247,zokibivas-malag-we,l-heq,gavyzacufeb-m-,k-q-rysykorucakido,1655614451925284,delete
197,mehytyky,xynavexofukuqup,qadazyduxa,pajyv-l,1655614451956200,delete
70,wykunil-vydejax-hulu,vyrelyvepicojyfiza,rabanymez-b,qy,1655614451986923,read
70,wykunil-vydejax-hulu,vyrelyvepicojyfiza,rabanymez-b,qy,1655614452017672,delete
614,cula,maxaxibal-w,cemejenilewicyh,p-j,1655614452033091,update
0,mirihuhabeb-dyty,p-cimetahudyc,roba,r-tefurudyz-no,1655614452064085,read
122,hygevugaxex-,kejyxyfus,jojujejiqyp,nomem-xipywemeg,1655614452079338,update
0,cixybiwimezybyx-,nubere,vesosidisijof-koroz-,kikoqiviwoj-nu,1655614452095306,update
642,nid-xonyxerup,buwiratoq-,nycufiguryjifijikiw,ver-lufi,1655614452110646,insert
491,neruvam-peky,wiz-f-fiqak,h-lywof-lawaj,jiqakoheqidejaq-,1655614452141521,delete
644,weverehevicukyxyrop,z-vova,vig,jymeqojapu,1655614452156918,insert
84,rogunylewa,xawuziq-cehe,majyrid-zoq-j,minufuv,1655614452188562,delete
35,manykenah,nopebebev,kejus,bed-t-g,1655614452219559,read
647,jyxomibex-k-wow,bih-xiq,cufoj,focug,1655614452234678,insert
648,rar-syliduxajan,nafojumyf-,nujos-vy,vogavaxipur-wi,1655614452250287,insert
439,dadijahilut-j-g,bidober,x-dolodina,vohyhov-hatene,1655614452265534,update
0,n-laq,kozyqy,janas-syfihafodadop,kekivonujepuwunumy,1655614452296330,read
365,saxak-zuze,f-j,m-titiqyxut-ciruv,wijefys,1655614452311944,update
116,kojedotefijo,rumokonohodunuzeca,luwywik-zuhar-vuk-,hihozymacicod-sovas,1655614452342755,read
653,n-,j-bufuxudojuj-cybaq,lanojym-kaxah-gimuh,syg,1655614452358150,insert
84,dymajupeku,fegow,syx-bywivyj-,s-,1655614452373527,insert
45,w-hulyvymeve,b-mod-badirujat,sysu,qapes-xesyqeheveky,1655614452404390,delete
35,manykenah,nopebebev,kejus,bed-t-g,1655614452435251,read
657,j-rama,gofymoxycatyn-tam-ze,bumij-wuhabamuhupok,sytysyli,1655614452450583,insert
398,c-f-fofyjykimox-,h-maxamavek-qidy,roj-remotyvekapo,pas-valoda,1655614452481439,delete
659,vugyrybeqajy,jen-syz,fidav,jil-gohe,1655614452496853,insert
16,vedegyn,py,tekevukyxok,jut-dabar-saxazity,1655614452527730,delete
16,vedegyn,py,tekevukyxok,jut-dabar-saxazity,1655614452558767,read
220,nut-xum,h-firulaf-q,sat-wyx,fyxyqynep-soxy,1655614452589638,read
663,q-novikyhuliqedeqife,rumyn-woxop-xomofy,dux-ro,kafojyrez-tu,1655614452604965,insert
204,zys-raji,qy,hisyta,k-q,1655614452635715,delete
0,fuwodasin-k,faquziv,hiz,loq-titag,1655614452666418,delete
70,faxejazac-c-vu,bip-n-qefibewujilemi,goluru,ryxopiwidyhopom-koq,1655614452681710,insert
49,cajadudiliv,vysalet-num,mal,xebuzonejolajo,1655614452697658,update
3,myqenuleb-h,xydun-s-lyc-nar,k-ciwul-fys-tabejo,woxet,1655614452729100,delete
35,mihyjyvazof-s-,zogoqi,vyb,xubusimohesasozaj-d,1655614452759696,delete
529,v-cixafag,lehagavazyxerymyvyxy,bozak-cikip-wacejiwy,cocyn,1655614452790604,delete
671,d-tybadydyjul,sigevel,carekehewany,bo,1655614452805872,insert
672,j-fez-soxejeg,geranututynybovy,l-h-vadecehepelulu,wygacesoriryg,1655614452821324,insert
169,b-fapeg-v,leri,zapavopi,celyxasadihat-hor,1655614452836588,insert
674,xyje,wupyxyfahebopub-tid,kyzututakipud,n-fifim,1655614452852121,insert
45,qax-baramat-lukuqic-,nac-m-dytu,fivemocubon-,zenowyje,1655614452882970,delete
256,vuxemijarezy,dyp-,pukomesijabadepe,jyv-naqo,1655614452913687,delete
190,naketogukad-kolefev,bodihijydigyj,zamov,qab-tagilumefyjide,1655614452944408,delete
538,da,lesyrifobide,x-zusaheryv-,s-zozyrilumibydafyw,1655614452960631,update
13,kufu,qupupice,xopisa,k-nuvuk,1655614452991345,delete
13,velaqaxeqeto,lizuzad-h,xexohyjel,watu,1655614453052711,delete
681,b-m-h-g,deg,g-,tizobamekemosa,1655614453068072,insert
674,xyje,wupyxyfahebopub-tid,kyzututakipud,n-fifim,1655614453098655,delete
70,faxejazac-c-vu,bip-n-qefibewujilemi,goluru,ryxopiwidyhopom-koq,1655614453129495,read
370,mesesig-,nad-d,cyzuxoz-bym-we,lag-jihobyz,1655614453160854,read
685,bynequxufede,syzutyjebujoqyjyxos,pagyzaw,f-wulacewinizydicim,1655614453176227,insert
116,kojedotefijo,rumokonohodunuzeca,luwywik-zuhar-vuk-,hihozymacicod-sovas,1655614453207044,delete
318,hi,mipuxudu,syqekugeteseqy,wabacux,1655614453237806,delete
0,du,c-piqes-cecoq-wi,bocazutavobyhudof-t,maf,1655614453268481,delete
614,viqylejocafocyd,wowudykagog-myqir,jasuzaruzohumofegej,hevuwahyg-qylibo,1655614453283950,update
252,cyn,zeguzihe,cof,lycynez-pewydazeb-ni,1655614453299344,insert
352,gyziniwefibi,mi,funihegipym-,c-n,1655614453330160,read
0,pywow-jedekidep,dujitypacek,zodizifizizyj-byt-,zop-vaz,1655614453360883,delete
439,cahytocozolyn-bac,pozanyzaxygyfen-raf-,jaxitykytej-cyz-suz,vikoryz-log,1655614453391533,delete
694,byvuten-ceniwuq,xozofox,zyzifut-rihasuw,h-pegavyn-zijigaw,1655614453406965,insert
695,vedupop-,tumiqopib-dynysez,pyn-boz-suwix,xumybis,1655614453423055,insert
167,k-fytalulocyt-,quhidofusodosaxifonu,defusosykuv,dadacycaryq,1655614453439280,insert
252,safev-deneq-,xoz-hycutomuzycuh,xef-dujacog,z-nyxitaqowuv,1655614453470221,delete
465,zogyqujowutage,duvadobab-ropysuv,bovowybysog-teqam-,luxavem-qig,1655614453485598,update
190,naketogukad-kolefev,bodihijydigyj,zamov,qab-tagilumefyjide,1655614453516727,delete
7,tyrisacop-bovicycofi,ticef-vamarehof,nusabevysiwexom,vapylyjykes,1655614453531990,insert
391,lylutyvolan,hewuzaqosymuz-l-,ceb-ninydolyqure,lo,1655614453562856,read
0,cixybiwimezybyx-,nubere,vesosidisijof-koroz-,kikoqiviwoj-nu,1655614453593750,delete
0,xigyvydijajihemew,qulagibumehepu,fylysyhyrek-m-myr,s-tyf-wolufaq-d-,1655614453624387,delete
16,vedegyn,py,tekevukyxok,jut-dabar-saxazity,1655614453656018,delete
705,mogigucer-soj,ripycijuqebakuga,q-for-dajycomix-vowy,hat-ladezetu,1655614453671290,insert
0,mirihuhabeb-dyty,p-cimetahudyc,roba,r-tefurudyz-no,1655614453702200,delete
398,c-f-fofyjykimox-,h-maxamavek-qidy,roj-remotyvekapo,pas-valoda,1655614453732683,read
131,gukipymuf-secotu,wutymar-,patexijelygicihutyla,mugor-pime,1655614453763846,delete
0,n-laq,kozyqy,janas-syfihafodadop,kekivonujepuwunumy,1655614453794635,read
0,jovabyt-fiqu,re,dofomeg-tad-k-hahege,vudytiqup,1655614453825448,read
159,cohymatot-zosanok-,jyn-n,t-nityvon-nozeh-,xan,1655614453840797,insert
529,v-cixafag,lehagavazyxerymyvyxy,bozak-cikip-wacejiwy,cocyn,1655614453871499,delete
159,wikocasy,lusu,ziwubuqoluracub-hi,huhebyleqosypavyx-s,1655614453886897,update
0,bydaqyxevox,powin-,cob-kymihygezahy,v-fyqyx-gafeze,1655614453918043,delete
715,juginev-dyhov-,kakykebaheguvacu,t-,qej-bugi,1655614453933340,insert
58,sonejuk-,nac,zufu,qudagesyn-xu,1655614453964560,delete
0,jovabyt-fiqu,re,dofomeg-tad-k-hahege,vudytiqup,1655614453995282,delete
45,teh-baqaryvod,pixypohonyqep-cewol,pydocywim-hisi,rosonyvurazur,1655614454027372,delete
169,n-d,lumidibuzig,gatyhoqe,jivic-s,1655614454058345,delete
552,r-serih,wuz-xeqeboj,c-gapotu,jogenak-jahozuro,1655614454089065,read
47,lixahy,di,lubi,jorivifekyge,1655614454120939,read
45,zadybemymu,fizekisepaq,zeqyn,liw-v,1655614454152353,read
10,fid-r-c-wade,fiq-s-bab-,wehyhujakivemocepati,har-cozypeveza,1655614454183222,delete
724,fibyt-tugolobakuk,tytynohaha,suwut-hog-kan,tewoc,1655614454198480,insert
725,jojyboba,visebogosenylibejypo,zixikodut,gilyfin,1655614454213765,insert
726,zyj-m-sagysecese,nek-nocubono,panosydyrutemy,madosebifup-t,1655614454229216,insert
727,ris-byp-wiqejuc-g,d-dezuq-h-moxyfuge,n-l,libysitif-la,1655614454244691,insert
728,femuq,xiq-myjedadux-v,co,mih-v-pokakutifu,1655614454260159,insert
136,tesuriridulud,xupynonug-qo,veroq-p-pirijuq-heka,zyliz,1655614454291033,delete
350,wequvudehoq,mowek,navajolitalahohugono,lywomidogyvid,1655614454321842,delete
0,fuwodasin-k,faquziv,hiz,loq-titag,1655614454352973,delete
732,nobuzedeh-,fiz-mimymosu,sokihiraludol,fifizuw-qugerahokuh,1655614454368430,insert
35,manykenah,nopebebev,kejus,bed-t-g,1655614454399192,delete
363,z-wy,sukup,h-pyw-,qepa,1655614454431074,delete
124,sopajedetecykytub,zoze,zekev-f,sefaroq,1655614454462183,read
81,lokebuvyselulemyn,kyh-kegihefezybinuj,ryqizot-towi,wepobif,1655614454477553,update
84,rogunylewa,xawuziq-cehe,majyrid-zoq-j,minufuv,1655614454508407,read
738,s-cakikasil-ful-c,tyxesyjyqorugezo,govugah-r-dyp,vy,1655614454523732,insert
0,hobunaxecywy,rax-,duzynov-keju,rilyf-typyxy,1655614454554551,read
0,qysetugewytiriq,gukilyrorefogade,job-husilunule,hivaligyred,1655614454585454,read
741,marerawyrez-,b-,lynogy,tiqybutylireq-le,1655614454600954,insert
22,gehomim-hevad-fef-la,zatoqaxyq-s,n-cytahah-qejub,pafahe,1655614454616290,update
0,setigovymaqe,botuvurocovuramum,m-jojov-,vegepadocisurym,1655614454647137,read
47,rygulodaqovoxojafy,vat-n-pakyjomytapuko,bin,wahomoryb-cepy,1655614454678101,delete
52,toneriforagyvi,komihiboxywyv-jyw,wolilapirylis-xovof,pewere,1655614454693395,update
746,mujitaxekari,gatarybemadiguwek,daxanulylelavuby,cus-fahitiv-seqob,1655614454709088,insert
3,fokygafykyto,kyn-giv-cav-f-lucede,dixupicezefuv,fybysufy,1655614454740012,delete
159,cuzunegefodecyline,gajulocesyfid,koc-xuv-,nu,1655614454755676,update
204,zys-raji,qy,hisyta,k-q,1655614454786454,read
70,wykunil-vydejax-hulu,vyrelyvepicojyfiza,rabanymez-b,qy,1655614454817095,read
159,cuzunegefodecyline,gajulocesyfid,koc-xuv-,nu,1655614454848513,read
70,wykunil-vydejax-hulu,vyrelyvepicojyfiza,rabanymez-b,qy,1655614454879397,delete
263,cibudomob,jizojylykul,n-,gupywuvahyryp-geve,1655614454910315,read
153,herokohuvuhi,hoc-jypuq-by,mugeje,vowocebacuwinev,1655614454941026,delete
755,x-m-bubijatyhuguqa,nag-l-koq-g-qode,zi,bygovikiri,1655614454956980,insert
70,tam-sahabahovogul-r,lixocyse,kirac,wyvyhyzyfunu,1655614454972232,insert
439,cahytocozolyn-bac,pozanyzaxygyfen-raf-,jaxitykytej-cyz-suz,vikoryz-log,1655614455003448,delete
10,fid-r-c-wade,fiq-s-bab-,wehyhujakivemocepati,har-cozypeveza,1655614455035215,read
0,bydaqyxevox,powin-,cob-kymihygezahy,v-fyqyx-gafeze,1655614455066494,read
405,nufudozyqozy,zicalepyhipuhajuho,xet-k-ruparyhefevu,lexiselydowew,1655614455082002,update
761,qoc-qefof,funob,kawipowygehigaky,j-cepowam-honuluq,1655614455097469,insert
124,sopajedetecykytub,zoze,zekev-f,sefaroq,1655614455128078,delete
763,migotiwi,zigigytodyzufi,zigasax-bibahazajyk,kokyrefufipeguzexyq,1655614455143276,insert
764,kipawadisicuwu,tew,rur,pudaji,1655614455158543,insert
35,vycyg-wyfo,kyvuvyzyvivezepy,fur-vyvyf-juzy,tujuxukop,1655614455174056,insert
766,vuh,fasybewikypo,myzyvuwuzopyxatybe,buzeh-,1655614455189453,insert
767,r-guh,g-j,bojukavularovodutu,cumaz,1655614455204913,insert
768,dotuxif-kyputiw-we,zakyqyxo,kim-c-lyz,zus-fyf,1655614455221071,insert
0,z-lar-f-kobul-ru,dyvy,gezanunetimyvezetis,zumoqosenujag-wyvivu,1655614455236422,insert
256,vuxemijarezy,dyp-,pukomesijabadepe,jyv-naqo,1655614455267019,read
0,famar-gobyh,lydezap-xigyc-dam,duqoqike,pypef-zyc-s-debek-,1655614455282430,update
0,xigyvydijajihemew,qulagibumehepu,fylysyhyrek-m-myr,s-tyf-wolufaq-d-,1655614455313171,delete
0,q-lygylugalixojugenu,takenyjeg,ler-rityzo,rebuhubatex-v,1655614455328480,insert
614,tenamekewisaduso,hib,sa,gezuh-,1655614455343769,update
775,lox-pu,xefow,colymafo,sev-vyr,1655614455359232,insert
173,vatazageb-vekyvuc,b-turuvywyx,ver-pizabadal,sycikowycap,1655614455374707,insert
64,tuzuzosudazujohuhef-,pozeny,b-vepyzurotetux-bo,koponove,1655614455390189,update
778,byvymylowen-vuzyf,raruk-l-j,wozyq-puw-v,worifanecuvy,1655614455405480,insert
779,kewyn,gexyz-cuticisyqe,dogov-p-v,xow-xaq,1655614455420925,insert
780,vunexulaxog,l-linumybetec-noty,teheryrysax-jyvat,letebabimywuw-,1655614455436216,insert
386,johy,fury,hahakimulizinox,weqogab,1655614455467278,read
45,fi,sityhar-sa,vafevybukomysym-k,x-s,1655614455483371,insert
81,s-fiwarixubucef,vaqisefa,l-hitexazizaf-jax,jem-h-xaxuludizu,1655614455498907,update
0,fuhydagetafemevoxo,tukohonysofybiduh,birylewavikawujacyl,t-zuhetucitiloniz,1655614455514400,update
16,vedegyn,py,tekevukyxok,jut-dabar-saxazity,1655614455545153,read
0,bydaqyxevox,powin-,cob-kymihygezahy,v-fyqyx-gafeze,1655614455576348,read
3,vaj-n-mezuzan,d-vuguz,wefurovecawymo,zexodyxeso,1655614455607241,delete
788,jifyby,k-h,poqumy,gogamat,1655614455622791,insert
0,me,laxofizyj-con-bawos,vipezofyfoxoty,cuh,1655614455638257,update
87,wonehywexak,vag,m-laguf-lanu,ciqijot,1655614455669628,delete
791,pa,gas-tyz,lac-qig,jetuqyjixavixah-pyz,1655614455684868,insert
238,ce,mocerur-b,s-n-kycemurefybi,derol,1655614455716313,read
79,suf,fehohyfidewuf-ta,buc,fapijobewodej-x,1655614455747817,read
794,kaj,myrufatopyxi,dipovobazetap-negami,xavoq,1655614455763965,insert
318,gewuwumy,jekatolykohyjacot,f-r-fyquvekojalydyk,p-zix,1655614455779411,insert
3,tiwysuwaradivaroze,bolatyz-xixisyv-kax-,muduredijin,fe,1655614455809773,delete
116,kojedotefijo,rumokonohodunuzeca,luwywik-zuhar-vuk-,hihozymacicod-sovas,1655614455840860,read
153,herokohuvuhi,hoc-jypuq-by,mugeje,vowocebacuwinev,1655614455871544,delete
0,cif,kug-d-gak-vunujav,lorivym-tel-gysasok,qiv-bugol-,1655614455886948,update
529,parexiwiz-h,kam-m,welos,duf-wy,1655614455902307,insert
0,jovabyt-fiqu,re,dofomeg-tad-k-hahege,vudytiqup,1655614455933174,read
802,qijoc,tac-subil-fyxogi,rezipudojemazaw-fen,d-mafut-hini,1655614455948423,insert
803,lupyqet-mun-betu,suq-zegitu,fyfacoxuxah,haxigyweqanip,1655614455963554,insert
241,mobyruhyqade,kif,dosuwup-qepavazymesi,v-ryjiz-niw-muheti,1655614455994298,read
805,w-hadacyhemaci,kumyzykadewuvo,c-wojujareqen-mizini,neputij,1655614456009333,insert
806,j-xubepyvynazex-hoxi,kecac-v-papojek-x,qavyfyxiwucesosuweb,kylojejuzyxevyvevos,1655614456024830,insert
807,byvys-k-baxezi,se,wihogyzurezecanexet,fizodoqujapa,1655614456040139,insert
3,wysuzatug,kuqonog,gedicymecehunigagopa,re,1655614456070847,read
252,xubu,dojypom-,qi,biverohydoqu,1655614456086240,insert
810,sagixywaq-hobyleb,gil,lolij-wof,rolynut-qahovo,1655614456101628,insert
22,dec-m-n-jik-mytama,xyduheweb-muja,vunelex,zejyfycyv,1655614456132392,delete
812,tumulygybyrupyse,ryxabax-k-z,xe,vobyme,1655614456147872,insert
780,vunexulaxog,l-linumybetec-noty,teheryrysax-jyvat,letebabimywuw-,1655614456178705,read
267,kapixococybufib,cew,gawuxapig,te,1655614456209469,read
0,ludyz,n-z-ryvelinaq-kyj-,kuwapogyf-fuxy,kypajuv-g-ralikuq,1655614456240275,delete
35,kazib-v,takaqerozyr-fut-pe,t-g-hu,tah-kilojykikyj-m,1655614456271068,read
0,nevusyxal-qakyg,gusenoqazatic-put-t,gomiwalod-m,jabarokatob,1655614456286440,insert
350,wequvudehoq,mowek,navajolitalahohugono,lywomidogyvid,1655614456317164,read
3,luw,rihisibisuqewof-,zulalameqiwityci,sen-xukejymykag-jyco,1655614456332706,insert
0,cydagunav,j-fasybasak,g-ruq,cow-xepis-qesil,1655614456348183,update
0,setigovymaqe,botuvurocovuramum,m-jojov-,vegepadocisurym,1655614456378967,delete
728,femuq,xiq-myjedadux-v,co,mih-v-pokakutifu,1655614456409890,read
823,t-ryneh-hoqeguxy,huvif,myxili,torukikil,1655614456425299,insert
0,me,laxofizyj-con-bawos,vipezofyfoxoty,cuh,1655614456456159,delete
0,mirihuhabeb-dyty,p-cimetahudyc,roba,r-tefurudyz-no,1655614456486956,delete
0,r-cavi,nol-r-xataqokivarypo,xoqi,r-kabyweg-kac,1655614456517760,read
35,jix,zemadobebafi,lyzamexunuf-savy,dyjaxab,1655614456533150,update
13,kufu,qupupice,xopisa,k-nuvuk,1655614456564045,delete
124,qotumocydyg-c,myho,xadoquxurujok-lef,katafudoli,1655614456579244,insert
830,kobyhuderuzetumat-la,futikyh,lodito,rucad-tuq-wupij-,1655614456594972,insert
124,ziw-xokasovidozy,ditit-dusul-fofucyz,zo,w-kygaje,1655614456626472,read
204,kyfywikad-jenaba,vovyvudabitew,byhupudan-magyr,l-naw,1655614456641799,insert
833,pij-,rox,muf-fipiw-latovipud-,wypakegafewy,1655614456657168,insert
204,kyfywikad-jenaba,vovyvudabitew,byhupudan-magyr,l-naw,1655614456688595,read
352,gyziniwefibi,mi,funihegipym-,c-n,1655614456719464,read
45,mexyrun-b-siqivykew,nyjawyzak-ja,teqyr,nuwanev-b-mu,1655614456750860,delete
20,nyrowam-biriwud,ji,puh-n,po,1655614456766161,insert
0,jajobyc,jaqax,pebugivod-wo,riludy,1655614456797004,delete
3,waq-,g-jeqi,gyh-qypu,toboqykobix,1655614456812468,update
238,ce,mocerur-b,s-n-kycemurefybi,derol,1655614456843277,read
0,mirihuhabeb-dyty,p-cimetahudyc,roba,r-tefurudyz-no,1655614456874132,delete
220,nut-xum,h-firulaf-q,sat-wyx,fyxyqynep-soxy,1655614456905357,delete
0,bydaqyxevox,powin-,cob-kymihygezahy,v-fyqyx-gafeze,1655614456936044,read
241,sidom-jafo,bab-wysiziruj,gew-bycaxudikec,kiv-c,1655614456951455,insert
22,g-lyq-komel,hiv,verebuqujuqumihiz,r-vuq-qavobomakisy,1655614456966683,insert
45,huzowahybymumimuj,fy,to,jykuzerecoloxi,1655614456998248,delete
847,cydyhudo,kuqojixuq-wo,pelen,vydocukugula,1655614457014428,insert
16,vedegyn,py,tekevukyxok,jut-dabar-saxazity,1655614457044975,delete
45,tufilebojejavumomate,tucap-covamahuny,wuf-rapibivi,xyqygew-fom,1655614457060377,insert
3,fokygafykyto,kyn-giv-cav-f-lucede,dixupicezefuv,fybysufy,1655614457092046,delete
851,qurohekiwudorid,xetahivar,lyz-b-mepuxyxywed-go,t-qux,1655614457107139,insert
0,mirihuhabeb-dyty,p-cimetahudyc,roba,r-tefurudyz-no,1655614457137320,read
238,fyl-,suz-w-dybew-guxupil,jem-xov,w-jedoloc-canup,1655614457153271,insert
854,vykot-cipen,cusyfago,lyjedas,sipo,1655614457169035,insert
13,vogitysatecow-,buqid-m-h,vimo,neciminifapyxowewem,1655614457199839,delete
35,wuhukek-lylut,qohopibahefuguf-xu,sumucodaq-juvoheres,qyzoj-s-joly,1655614457215314,update
439,cahytocozolyn-bac,pozanyzaxygyfen-raf-,jaxitykytej-cyz-suz,vikoryz-log,1655614457246956,read
858,jecib,b-p,l-n,relylirebequpuniju,1655614457262253,insert
859,qam-x-manyf-vak-q,xuh-fymyr-roc,piwuga,hifuvyvuzof-l-wo,1655614457277878,insert
338,h-qix-byg-pitugidut,gyrabybaq-,rihepah-pew,jid-k-h-j-xepixevu,1655614457293321,insert
0,zybudasawymiboci,wexapocefitudunahyw,las-,sut-c-,1655614457308863,insert
35,kazib-v,takaqerozyr-fut-pe,t-g-hu,tah-kilojykikyj-m,1655614457339790,read
863,cuz-caxemidyruloby,nofuxuqof-nurewu,jys-d-lugom-vydewic,kijot-,1655614457355106,insert
220,nut-xum,h-firulaf-q,sat-wyx,fyxyqynep-soxy,1655614457385897,read
865,lylymucop-gef-bil,nag,letenyvarek,p-juxoh-kijoh,1655614457401292,insert
88,n-menygokacubiwarex,dyduzafumyfac,hityp-ve,h-hab-qyl,1655614457416647,insert
88,nozocuq-jahor-,hup,wem-,hafuxupafaled,1655614457447331,delete
204,zys-raji,qy,hisyta,k-q,1655614457478780,read
0,n-laq,kozyqy,janas-syfihafodadop,kekivonujepuwunumy,1655614457509642,read
870,lyjohehudajaqelam,jofudyn,z-giger-xij-q,waboh,1655614457525012,insert
159,qamasemolicuv-g,pyn-muhehymijum,xip-r-b-tub-,depyhugunyx-,1655614457540409,update
872,mepoq-,fipir-wox,w-puvow-w,bajor-x-co,1655614457555775,insert
0,r-cavi,nol-r-xataqokivarypo,xoqi,r-kabyweg-kac,1655614457586618,read
79,kaly,puxun-p,vacurygenavidan,paneg,1655614457602030,insert
0,zo,sixysatuq-rycep-,h-nenituv,cug-b-c,1655614457617455,update
876,pawihij-xocololotap,v-luzo,jip-n-vif-cuf,cylysih,1655614457632850,insert
352,gyziniwefibi,mi,funihegipym-,c-n,1655614457663710,read
256,vuxemijarezy,dyp-,pukomesijabadepe,jyv-naqo,1655614457694479,delete
45,w-hulyvymeve,b-mod-badirujat,sysu,qapes-xesyqeheveky,1655614457725900,read
880,cogozuvifi,x-rynomal-gamo,wequ,dodere,1655614457741295,insert
584,lulybewypibuta,nomez-mofej,t-b,l-cyso,1655614457757117,update
0,xalok-cymibojymutu,dacowahywysuvez,jarymokew-d-gice,va,1655614457772472,update
3,fokygafykyto,kyn-giv-cav-f-lucede,dixupicezefuv,fybysufy,1655614457803366,delete
88,nozocuq-jahor-,hup,wem-,hafuxupafaled,1655614457834212,delete
0,hobunaxecywy,rax-,duzynov-keju,rilyf-typyxy,1655614457865562,read
70,wykunil-vydejax-hulu,vyrelyvepicojyfiza,rabanymez-b,qy,1655614457896531,delete
167,fyp,jodys-detol-kiw-b,lyvyfoq-koz,xudetimifozefyd,1655614457912482,update
888,devymutijen-tysuni,werebizuhyberadaho,miz,gybix,1655614457928311,insert
889,qiseciz-m,cefyh,xavylykibuko,w-puvapebytos,1655614457944078,insert
890,juxusyj,lylygebuq,laqu,bopiruh,1655614457959622,insert
47,soqazutehogujov,hi,rynyc-setyzidogop,gowabucug-dik-wyqafi,1655614457990785,delete
197,mukil-boj-ry,c-gutelujozu,futyta,hywupuvut,1655614458006626,insert
116,xeryxycelemygyfi,manitoleh,lymolor,zaxibafu,1655614458022086,insert
196,manugi,qob-w,ben,cixys-r,1655614458038096,update
895,j-ju,cuvibasat-zoxit-wez,gajobox,s-z,1655614458053490,insert
413,voloboqaroxe,fyn-tud-xom,wysypocisoleq,tehihi,1655614458084639,delete
241,mobyruhyqade,kif,dosuwup-qepavazymesi,v-ryjiz-niw-muheti,1655614458115350,delete
10,lolyxuk,weqijoxis-furunebo,gas-d,zilejur-,1655614458146103,delete
11,bijapicyvy,jinyzypizeturono,jeniqexyku,cajon-vapuzajyr,1655614458176862,read
252,xubu,dojypom-,qi,biverohydoqu,1655614458207788,delete
10,fid-r-c-wade,fiq-s-bab-,wehyhujakivemocepati,har-cozypeveza,1655614458238470,read
424,la,sudoqikohahyvapyg,wimajicefom-s,nadowositebu,1655614458269845,read
245,jed-raquj-kehyx,x-sy,bigi,cohas,1655614458301366,read
92,vawywi,camyfejukug-bos-k,muxolygezomihe,vulesiliqumy,1655614458332618,delete
465,zogyqujowutage,duvadobab-ropysuv,bovowybysog-teqam-,luxavem-qig,1655614458363418,delete
527,kotul-decan-,gytyhigekatonyqa,meli,wut,1655614458394295,read
16,cam-gaq,sulokowiw-l,conugifigekyrodiq,nimucuhi,1655614458425099,delete
908,bupulixun,x-kamuni,vitudidawa,rowaforup-c,1655614458440781,insert
0,mirihuhabeb-dyty,p-cimetahudyc,roba,r-tefurudyz-no,1655614458472782,delete
910,lapybikuxo,j-cecabodem-t-xydi,gir-piwuk,za,1655614458488663,insert
439,cahytocozolyn-bac,pozanyzaxygyfen-raf-,jaxitykytej-cyz-suz,vikoryz-log,1655614458520701,delete
22,byziryg-s,povufogowyg-gofare,cagomulype,g-xypy,1655614458535657,update
913,qinub,daziqa,rysyguwom,lotota,1655614458550598,insert
81,xahuvidukoqep-no,monakutucet,casanyhet-jyxexyn,had,1655614458582565,read
915,himah-kozitozeh-kema,f-cevoqutynugexude,sirum-li,jawaj-sikikocemalupa,1655614458598484,insert
238,ce,mocerur-b,s-n-kycemurefybi,derol,1655614458629599,read
52,lufelocigyrylo,bisyvava,hyg-vyg-qegen,xiticubuwyfuvo,1655614458661489,read
3,fokygafykyto,kyn-giv-cav-f-lucede,dixupicezefuv,fybysufy,1655614458692591,read
919,t-pih,qabiv-z,woqyqu,jidix,1655614458707730,insert
0,labug-myxywekeda,kuwybamodiqezase,z-s,zoh-b-vajopahekucywy,1655614458722927,insert
132,d-bamefuroby,co,qumuvofovyd-z,c-q-g,1655614458754043,read
0,xuganupip-,vut-,v-facyt,d-kera,1655614458784633,delete
123,sicoqeviceqorus-qug,mopepyzim-,fu,fohefe,1655614458815469,read
45,w-kaqig-hyji,juninirivut,qem-vu,tas-h-,1655614458830747,update
925,bikejeqecoryf,regegehov-b-do,ko,cyrosojomemok-kiq-li,1655614458846295,insert
79,xatej,wu,qoborizybyfyhide,vyperomowor-pyhezok-,1655614458861815,update
35,dyhutul-nekuse,lyvoleqoqakegojymo,vewahatyfef-guhecur,zefogak-,1655614458893297,delete
928,hapuwuxa,fyl-jevokuk-pecoc,politu,fopiranaho,1655614458908728,insert
929,jyh-gozivo,rixuq-kifeh,puq-x,fypem,1655614458924308,insert
136,tesuriridulud,xupynonug-qo,veroq-p-pirijuq-heka,zyliz,1655614458955035,delete
249,pe,pekomocilev-xozigeva,wyfetehobo,gymudexyq,1655614458985877,read
0,jugytyvytopara,kudav-zyg,rylinovaxigukafusewy,zakogex-ducosoxorefy,1655614459016832,delete
136,tesuriridulud,xupynonug-qo,veroq-p-pirijuq-heka,zyliz,1655614459048164,delete
0,rule,dalopirakok-ges-,mugac-jahusukyg-sin,tedyju,1655614459064167,insert
935,witehehetonynycerak,suhus,vefow-gazyzocim,qaqyg-batuk-,1655614459079543,insert
22,dec-m-n-jik-mytama,xyduheweb-muja,vunelex,zejyfycyv,1655614459110349,read
937,gumojyqejytazycewu,buhot-ligypavyroxep,v-befucytatodoludub,fowepaqinyweqoman,1655614459125781,insert
938,casar-latutasafymiq,xas-tylysuq-tel-jol,qumesuxudacyke,xapo,1655614459141278,insert
153,herokohuvuhi,hoc-jypuq-by,mugeje,vowocebacuwinev,1655614459171842,delete
647,nyrypo,g-k-,rohyc-vax-wefihiby,lixihidowefyruj-vybo,1655614459187013,update
941,kab-,m-j,cit,sogesozakubirom-g,1655614459202432,insert
810,sagixywaq-hobyleb,gil,lolij-wof,rolynut-qahovo,1655614459233319,delete
3,fokygafykyto,kyn-giv-cav-f-lucede,dixupicezefuv,fybysufy,1655614459264856,read
22,b-vyfa,xusixuvetihuj-robifa,vaxagexanycen-gi,xejewobom,1655614459295486,delete
929,jyh-gozivo,rixuq-kifeh,puq-x,fypem,1655614459326230,delete
3,rutodyxixat-p-,w-mih,xitejobopi,q-kadiqewo,1655614459341554,insert
352,gyziniwefibi,mi,funihegipym-,c-n,1655614459372291,delete
45,xumyb,bapanavexuz-me,n-d,gejiketataxon-f-qi,1655614459387754,update
949,z-fuzevyhys-qasof-be,kib,m-tenokolevyz,zixyjuwe,1655614459403082,insert
950,qemazyxyquvid,dapawo,muquvahevud,darymepeqig-tule,1655614459418330,insert
951,ka,h-cucax,dyludev,nyjaj,1655614459433979,insert
3,coqycutacakehafyfyme,vyrefyhuhidegebofaj,rinewev,jylok-,1655614459465140,delete
16,tavataxad-z-zabydeh,d-,fohosuqohon-q-,voxahitox-,1655614459480697,insert
3,wysuzatug,kuqonog,gedicymecehunigagopa,re,1655614459511425,read
955,kex-misylebukup-s,j-w,pydepebycuhylywy,kymarijezukynuzeq,1655614459526638,insert
213,cuqi,cacyqotufycyf-v,baruleseseh,varybydarocavuvux,1655614459557666,read
13,misym-kat-l,hahececiru,bad-bij-vyrez,sotolywasoq,1655614459573090,insert
45,huzowahybymumimuj,fy,to,jykuzerecoloxi,1655614459603793,delete
84,dy,pylivun-nydim-zyr-gy,leqef,tusew-wozuryv,1655614459619737,update
960,weveroq-d,jeryr-hajuruquxih,navukedajebawafif-d,poh-cekohabif-s-,1655614459635315,insert
870,lyjohehudajaqelam,jofudyn,z-giger-xij-q,waboh,1655614459666417,read
0,xicut-cew-savyfoci,zuliq,wih-lixiteban,xalunen-g,1655614459698249,read
450,c-,ji,wejucylabisuqugur-,by,1655614459729523,delete
584,tuxacyc,hoquril,mot-jikovubopapez-n,lysofohezym-kerac,1655614459761007,delete
0,vususen,noc-ziq,nyhirozul-nis,kuh-rajahanu,1655614459791624,delete
3,vexis,tiha,zuwovewutexa,folu,1655614459806951,insert
854,lotuweny,xi,zoc-teparapadidapyg,bimegelopagiqycod-,1655614459822272,update
968,wesejarozesube,fykis-cokihata,kufonasimej-w-pipere,jek-k-jejajad,1655614459837720,insert
969,pugugijovinud-rahyj,j-dopafujafoj-cu,lys-l-x,h-qixunygyfafojytuwy,1655614459853158,insert
732,xi,nupebafykap,hov-vebigapufulazep,war,1655614459868626,update
35,manykenah,nopebebev,kejus,bed-t-g,1655614459899507,read
0,marupec-n,pucerog-pejipihahofy,tonu,venajozodufunegijaka,1655614459914915,insert
0,mirihuhabeb-dyty,p-cimetahudyc,roba,r-tefurudyz-no,1655614459946363,delete
7,dah-boz,qutiwuxiv-ke,jaf-divoculyc-hi,rosociv-fucexuf-roxi,1655614459978518,read
3,fokygafykyto,kyn-giv-cav-f-lucede,dixupicezefuv,fybysufy,1655614460009702,delete
976,zocypawubyraha,pipid,r-b-jaw-sav,f-satiwocufahury,1655614460025283,insert
0,jovabyt-fiqu,re,dofomeg-tad-k-hahege,vudytiqup,1655614460056857,read
746,mujitaxekari,gatarybemadiguwek,daxanulylelavuby,cus-fahitiv-seqob,1655614460088222,read
979,sepoqab,guvimykyr,ter-gok-syqyzeruval,co,1655614460103549,insert
980,silybu,ka,jixygyweg,qal-f,1655614460119158,insert
70,w-nasofi,sahik-fixy,cawunasor,g-metajip-zory,1655614460135022,insert
447,rul-tezyridasi,jusasaqug-nujem-k,pudib-codomafun,neben-gi,1655614460165825,read
983,kohupulo,faluf,byduzicekarejepyvi,vahelis-n-sahytyhu,1655614460181860,insert
0,vug-,quzyjowomikav-noxoq,nejic-xeximybawezyhe,caneg-qegajebu,1655614460212955,delete
292,w-xujycylo,bakalyz-gaf-lut,lyz-faf-nykulaco,cevygisib,1655614460243486,read
986,livuqyxuhiv,vuwi,b-litofozusawuv,perawux,1655614460258859,insert
0,ravyq-vy,qo,xa,n-licaq-zitunekut-,1655614460289814,delete
988,va,nyk-tytazuzis-gid,raxym-su,makavojegiq-bisadav-,1655614460305588,insert
84,dotyropuqutas-g,mus-lo,qaradiwu,gekirolidisaj,1655614460336498,delete
35,kuwumurelaq,ty,zydijyxykeratulehun-,nefo,1655614460352107,insert
0,zowomeliq-dofasy,lyh-duletek,goryci,vyvojanytedyf,1655614460368196,insert
200,rexaboher,zahekym,zofaqaf-nyd-s,murubahisumujitab,1655614460383349,insert
872,wo,vyhydow-c,tuzupexyd-,x-notyl,1655614460398815,update
429,f-wit,jus-,gelovejex,lixyjicabusoz,1655614460414297,update
995,lydih,kybisabosewowymy,makyxucys-qem,nehedyxav-hitysyr,1655614460429600,insert
423,f-s-h-gy,cafa,qifij,xikysehefizy,1655614460445088,insert
45,wi,qihypyhegobyzipoxix,fesukedolibinedif,cetut-xedalahoqujo,1655614460475986,read
998,sehyf-x-wiq-quboleja,pyvahil-r-,doletutinatomen,xeferyf-fudaxohovaq,1655614460491278,insert
791,pa,gas-tyz,lac-qig,jetuqyjixavixah-pyz,1655614460522013,delete
